[{"model": "admin.logentry", "pk": 1, "fields": {"action_time": "2024-11-17T17:31:57.264Z", "user": 1, "content_type": 20, "object_id": "1", "object_repr": "N├O RESPONDA Fßbrica de Software\nEmail: naoresponda_sistema@restinga.ifrs.edu.br", "action_flag": 2, "change_message": "[{\"changed\": {\"fields\": [\"Grupo\"]}}]"}}, {"model": "admin.logentry", "pk": 2, "fields": {"action_time": "2024-11-17T18:18:23.884Z", "user": 1, "content_type": 20, "object_id": "46", "object_repr": "None\nEmail: ads@restinga.ifrs.edu.br", "action_flag": 2, "change_message": "[{\"changed\": {\"fields\": [\"Grupo\"]}}]"}}, {"model": "admin.logentry", "pk": 3, "fields": {"action_time": "2024-11-17T18:38:22.351Z", "user": 1, "content_type": 12, "object_id": "6", "object_repr": "Hist¾ria I - 40 h", "action_flag": 3, "change_message": ""}}, {"model": "admin.logentry", "pk": 4, "fields": {"action_time": "2024-11-17T18:38:22.351Z", "user": 1, "content_type": 12, "object_id": "5", "object_repr": "EducaþÒo FÝsica - 40 h", "action_flag": 3, "change_message": ""}}, {"model": "admin.logentry", "pk": 5, "fields": {"action_time": "2024-11-17T18:38:22.351Z", "user": 1, "content_type": 12, "object_id": "4", "object_repr": "Lingua Portuguesa e Literatura I - 100 h", "action_flag": 3, "change_message": ""}}, {"model": "admin.logentry", "pk": 6, "fields": {"action_time": "2024-11-17T18:38:22.351Z", "user": 1, "content_type": 12, "object_id": "3", "object_repr": "Hist¾ria I - 40 h", "action_flag": 3, "change_message": ""}}, {"model": "admin.logentry", "pk": 7, "fields": {"action_time": "2024-11-17T18:38:22.351Z", "user": 1, "content_type": 12, "object_id": "2", "object_repr": "EducaþÒo FÝsica - 40 h", "action_flag": 3, "change_message": ""}}, {"model": "admin.logentry", "pk": 8, "fields": {"action_time": "2024-11-17T18:38:22.351Z", "user": 1, "content_type": 12, "object_id": "1", "object_repr": "Lingua Portuguesa e Literatura I - 100 h", "action_flag": 3, "change_message": ""}}, {"model": "admin.logentry", "pk": 9, "fields": {"action_time": "2024-11-17T18:44:15.979Z", "user": 1, "content_type": 12, "object_id": "10", "object_repr": "Aprendizagem aut¶noma e ambiente virtual de ensino e aprendizagem - 60 h", "action_flag": 2, "change_message": "[{\"changed\": {\"fields\": [\"Nome\"]}}]"}}, {"model": "admin.logentry", "pk": 10, "fields": {"action_time": "2024-11-17T21:20:58.486Z", "user": 1, "content_type": 12, "object_id": "139", "object_repr": "LÝngua Portuguesa e Literatura I - 120 h", "action_flag": 3, "change_message": ""}}, {"model": "admin.logentry", "pk": 11, "fields": {"action_time": "2024-11-17T21:21:09.247Z", "user": 1, "content_type": 12, "object_id": "133", "object_repr": "LÝngua Portuguesa e Literatura I - 120 h", "action_flag": 3, "change_message": ""}}, {"model": "admin.logentry", "pk": 12, "fields": {"action_time": "2024-11-17T21:21:41.469Z", "user": 1, "content_type": 12, "object_id": "140", "object_repr": "Matemßtica I - 120 h", "action_flag": 3, "change_message": ""}}, {"model": "admin.logentry", "pk": 13, "fields": {"action_time": "2024-11-17T21:21:52.375Z", "user": 1, "content_type": 12, "object_id": "134", "object_repr": "Matemßtica I - 120 h", "action_flag": 3, "change_message": ""}}, {"model": "admin.logentry", "pk": 14, "fields": {"action_time": "2024-11-17T21:23:15.986Z", "user": 1, "content_type": 12, "object_id": "143", "object_repr": "Hist¾ria I - 80 h", "action_flag": 3, "change_message": ""}}, {"model": "admin.logentry", "pk": 15, "fields": {"action_time": "2024-11-17T21:23:32.842Z", "user": 1, "content_type": 12, "object_id": "137", "object_repr": "Hist¾ria I - 80 h", "action_flag": 3, "change_message": ""}}, {"model": "admin.logentry", "pk": 16, "fields": {"action_time": "2024-11-17T21:24:07.118Z", "user": 1, "content_type": 12, "object_id": "142", "object_repr": "Filosofia I - 80 h", "action_flag": 3, "change_message": ""}}, {"model": "admin.logentry", "pk": 17, "fields": {"action_time": "2024-11-17T21:24:07.118Z", "user": 1, "content_type": 12, "object_id": "141", "object_repr": "Biologia I - 80 h", "action_flag": 3, "change_message": ""}}, {"model": "admin.logentry", "pk": 18, "fields": {"action_time": "2024-11-17T21:24:07.118Z", "user": 1, "content_type": 12, "object_id": "138", "object_repr": "InglÛs - 80 h", "action_flag": 3, "change_message": ""}}, {"model": "admin.logentry", "pk": 19, "fields": {"action_time": "2024-11-17T21:24:07.118Z", "user": 1, "content_type": 12, "object_id": "136", "object_repr": "Filosofia I - 80 h", "action_flag": 3, "change_message": ""}}, {"model": "admin.logentry", "pk": 20, "fields": {"action_time": "2024-11-17T21:24:07.118Z", "user": 1, "content_type": 12, "object_id": "135", "object_repr": "Biologia I - 80 h", "action_flag": 3, "change_message": ""}}, {"model": "admin.logentry", "pk": 21, "fields": {"action_time": "2024-11-17T21:24:07.118Z", "user": 1, "content_type": 12, "object_id": "132", "object_repr": "InglÛs - 80 h", "action_flag": 3, "change_message": ""}}, {"model": "admin.logentry", "pk": 22, "fields": {"action_time": "2024-11-19T18:59:55.593Z", "user": 1, "content_type": 3, "object_id": "1", "object_repr": "Gestão Escolar", "action_flag": 2, "change_message": "[{\"changed\": {\"fields\": [\"Name\"]}}]"}}, {"model": "admin.logentry", "pk": 23, "fields": {"action_time": "2024-11-19T19:08:45.588Z", "user": 1, "content_type": 12, "object_id": "184", "object_repr": "Lazer e Música", "action_flag": 2, "change_message": "[{\"changed\": {\"fields\": [\"Nome\"]}}]"}}, {"model": "admin.logentry", "pk": 24, "fields": {"action_time": "2024-11-19T19:08:58.028Z", "user": 1, "content_type": 12, "object_id": "182", "object_repr": "Educação Física e Lazer", "action_flag": 2, "change_message": "[{\"changed\": {\"fields\": [\"Nome\"]}}]"}}, {"model": "admin.logentry", "pk": 25, "fields": {"action_time": "2024-11-19T19:09:06.744Z", "user": 1, "content_type": 12, "object_id": "181", "object_repr": "Produção de Eventos", "action_flag": 2, "change_message": "[{\"changed\": {\"fields\": [\"Nome\"]}}]"}}, {"model": "admin.logentry", "pk": 26, "fields": {"action_time": "2024-11-19T19:09:16.031Z", "user": 1, "content_type": 12, "object_id": "175", "object_repr": "Química II", "action_flag": 2, "change_message": "[{\"changed\": {\"fields\": [\"Nome\"]}}]"}}, {"model": "admin.logentry", "pk": 27, "fields": {"action_time": "2024-11-19T19:09:22.721Z", "user": 1, "content_type": 12, "object_id": "174", "object_repr": "Física II", "action_flag": 2, "change_message": "[{\"changed\": {\"fields\": [\"Nome\"]}}]"}}, {"model": "admin.logentry", "pk": 28, "fields": {"action_time": "2024-11-19T19:09:49.083Z", "user": 1, "content_type": 12, "object_id": "173", "object_repr": "Matemática III", "action_flag": 2, "change_message": "[{\"changed\": {\"fields\": [\"Nome\"]}}]"}}, {"model": "admin.logentry", "pk": 29, "fields": {"action_time": "2024-11-19T19:09:57.739Z", "user": 1, "content_type": 12, "object_id": "172", "object_repr": "Língua Portuguesa e Literatura III", "action_flag": 2, "change_message": "[{\"changed\": {\"fields\": [\"Nome\"]}}]"}}, {"model": "admin.logentry", "pk": 30, "fields": {"action_time": "2024-11-19T19:10:08.161Z", "user": 1, "content_type": 12, "object_id": "157", "object_repr": "Língua Portuguesa e Literatura II", "action_flag": 2, "change_message": "[{\"changed\": {\"fields\": [\"Nome\"]}}]"}}, {"model": "admin.logentry", "pk": 31, "fields": {"action_time": "2024-11-19T19:10:18.483Z", "user": 1, "content_type": 12, "object_id": "169", "object_repr": "Práticas em Lazer II", "action_flag": 2, "change_message": "[{\"changed\": {\"fields\": [\"Nome\"]}}]"}}, {"model": "admin.logentry", "pk": 32, "fields": {"action_time": "2024-11-19T19:10:28.336Z", "user": 1, "content_type": 12, "object_id": "167", "object_repr": "Inglês Aplicado ao Lazer", "action_flag": 2, "change_message": "[{\"changed\": {\"fields\": [\"Nome\"]}}]"}}, {"model": "admin.logentry", "pk": 33, "fields": {"action_time": "2024-11-19T19:10:35.364Z", "user": 1, "content_type": 12, "object_id": "166", "object_repr": "História II", "action_flag": 2, "change_message": "[{\"changed\": {\"fields\": [\"Nome\"]}}]"}}, {"model": "admin.logentry", "pk": 34, "fields": {"action_time": "2024-11-19T19:10:41.984Z", "user": 1, "content_type": 12, "object_id": "164", "object_repr": "Química I", "action_flag": 2, "change_message": "[{\"changed\": {\"fields\": [\"Nome\"]}}]"}}, {"model": "admin.logentry", "pk": 35, "fields": {"action_time": "2024-11-19T19:10:51.345Z", "user": 1, "content_type": 12, "object_id": "163", "object_repr": "Física I", "action_flag": 2, "change_message": "[{\"changed\": {\"fields\": [\"Nome\"]}}]"}}, {"model": "admin.logentry", "pk": 36, "fields": {"action_time": "2024-11-19T19:11:02.831Z", "user": 1, "content_type": 12, "object_id": "161", "object_repr": "Matemßtica II", "action_flag": 2, "change_message": "[]"}}, {"model": "admin.logentry", "pk": 37, "fields": {"action_time": "2024-11-19T19:11:16.986Z", "user": 1, "content_type": 12, "object_id": "161", "object_repr": "Matemática II", "action_flag": 2, "change_message": "[{\"changed\": {\"fields\": [\"Nome\"]}}]"}}, {"model": "admin.logentry", "pk": 38, "fields": {"action_time": "2024-11-19T19:11:27.692Z", "user": 1, "content_type": 12, "object_id": "159", "object_repr": "Música", "action_flag": 2, "change_message": "[{\"changed\": {\"fields\": [\"Nome\"]}}]"}}, {"model": "admin.logentry", "pk": 39, "fields": {"action_time": "2024-11-19T19:11:46.469Z", "user": 1, "content_type": 12, "object_id": "154", "object_repr": "Produção e Gestão Cultural", "action_flag": 2, "change_message": "[{\"changed\": {\"fields\": [\"Nome\"]}}]"}}, {"model": "admin.logentry", "pk": 40, "fields": {"action_time": "2024-11-19T19:12:58.555Z", "user": 1, "content_type": 12, "object_id": "153", "object_repr": "Práticas7 em Lazer I", "action_flag": 2, "change_message": "[{\"changed\": {\"fields\": [\"Nome\"]}}]"}}, {"model": "admin.logentry", "pk": 41, "fields": {"action_time": "2024-11-19T19:13:05.566Z", "user": 1, "content_type": 12, "object_id": "153", "object_repr": "Práticas em Lazer I", "action_flag": 2, "change_message": "[{\"changed\": {\"fields\": [\"Nome\"]}}]"}}, {"model": "admin.logentry", "pk": 42, "fields": {"action_time": "2024-11-19T19:13:17.799Z", "user": 1, "content_type": 12, "object_id": "151", "object_repr": "Recreação e Ludicidade", "action_flag": 2, "change_message": "[{\"changed\": {\"fields\": [\"Nome\"]}}]"}}, {"model": "admin.logentry", "pk": 43, "fields": {"action_time": "2024-11-19T19:13:30.059Z", "user": 1, "content_type": 12, "object_id": "150", "object_repr": "Introdução ao Ensino Médio Integrado", "action_flag": 2, "change_message": "[{\"changed\": {\"fields\": [\"Nome\"]}}]"}}, {"model": "admin.logentry", "pk": 44, "fields": {"action_time": "2024-11-19T19:13:40.324Z", "user": 1, "content_type": 12, "object_id": "149", "object_repr": "História I", "action_flag": 2, "change_message": "[{\"changed\": {\"fields\": [\"Nome\"]}}]"}}, {"model": "admin.logentry", "pk": 45, "fields": {"action_time": "2024-11-19T19:13:52.257Z", "user": 1, "content_type": 12, "object_id": "146", "object_repr": "Matemática I", "action_flag": 2, "change_message": "[{\"changed\": {\"fields\": [\"Nome\"]}}]"}}, {"model": "admin.logentry", "pk": 46, "fields": {"action_time": "2024-11-19T19:14:01.640Z", "user": 1, "content_type": 12, "object_id": "145", "object_repr": "Língua Portuguesa e Literatura I", "action_flag": 2, "change_message": "[{\"changed\": {\"fields\": [\"Nome\"]}}]"}}, {"model": "admin.logentry", "pk": 47, "fields": {"action_time": "2024-11-19T19:14:10.100Z", "user": 1, "content_type": 12, "object_id": "144", "object_repr": "Inglês", "action_flag": 2, "change_message": "[{\"changed\": {\"fields\": [\"Nome\"]}}]"}}, {"model": "admin.logentry", "pk": 48, "fields": {"action_time": "2024-11-19T19:14:21.758Z", "user": 1, "content_type": 12, "object_id": "126", "object_repr": "Hardware e Manutenção de Computadores", "action_flag": 2, "change_message": "[{\"changed\": {\"fields\": [\"Nome\"]}}]"}}, {"model": "admin.logentry", "pk": 49, "fields": {"action_time": "2024-11-19T19:14:45.141Z", "user": 1, "content_type": 12, "object_id": "125", "object_repr": "Inglês aplicado á Informática", "action_flag": 2, "change_message": "[{\"changed\": {\"fields\": [\"Nome\"]}}]"}}, {"model": "admin.logentry", "pk": 50, "fields": {"action_time": "2024-11-19T19:14:57.221Z", "user": 1, "content_type": 12, "object_id": "124", "object_repr": "Programação", "action_flag": 2, "change_message": "[{\"changed\": {\"fields\": [\"Nome\"]}}]"}}, {"model": "admin.logentry", "pk": 51, "fields": {"action_time": "2024-11-19T19:15:09.020Z", "user": 1, "content_type": 12, "object_id": "125", "object_repr": "Inglês aplicado á Informação", "action_flag": 2, "change_message": "[{\"changed\": {\"fields\": [\"Nome\"]}}]"}}, {"model": "admin.logentry", "pk": 52, "fields": {"action_time": "2024-11-19T19:15:15.944Z", "user": 1, "content_type": 12, "object_id": "123", "object_repr": "Sistemas de Comunicação", "action_flag": 2, "change_message": "[{\"changed\": {\"fields\": [\"Nome\"]}}]"}}, {"model": "admin.logentry", "pk": 53, "fields": {"action_time": "2024-11-19T19:16:16.112Z", "user": 1, "content_type": 12, "object_id": "121", "object_repr": "Eletrônica de Potência", "action_flag": 2, "change_message": "[{\"changed\": {\"fields\": [\"Nome\"]}}]"}}, {"model": "admin.logentry", "pk": 54, "fields": {"action_time": "2024-11-19T19:16:27.816Z", "user": 1, "content_type": 12, "object_id": "120", "object_repr": "Eletrônica Analógica II", "action_flag": 2, "change_message": "[{\"changed\": {\"fields\": [\"Nome\"]}}]"}}, {"model": "admin.logentry", "pk": 55, "fields": {"action_time": "2024-11-19T19:16:40.267Z", "user": 1, "content_type": 12, "object_id": "117", "object_repr": "Eletrônica Analógica I", "action_flag": 2, "change_message": "[{\"changed\": {\"fields\": [\"Nome\"]}}]"}}, {"model": "admin.logentry", "pk": 56, "fields": {"action_time": "2024-11-19T19:16:50.042Z", "user": 1, "content_type": 12, "object_id": "116", "object_repr": "Circuitos Elétricos II", "action_flag": 2, "change_message": "[{\"changed\": {\"fields\": [\"Nome\"]}}]"}}, {"model": "admin.logentry", "pk": 57, "fields": {"action_time": "2024-11-19T19:16:59.613Z", "user": 1, "content_type": 12, "object_id": "115", "object_repr": "Química", "action_flag": 2, "change_message": "[{\"changed\": {\"fields\": [\"Nome\"]}}]"}}, {"model": "admin.logentry", "pk": 58, "fields": {"action_time": "2024-11-19T19:17:06.527Z", "user": 1, "content_type": 12, "object_id": "112", "object_repr": "Eletrônica Digital II", "action_flag": 2, "change_message": "[{\"changed\": {\"fields\": [\"Nome\"]}}]"}}, {"model": "admin.logentry", "pk": 59, "fields": {"action_time": "2024-11-19T19:17:15.319Z", "user": 1, "content_type": 12, "object_id": "110", "object_repr": "Algoritmos e Programação", "action_flag": 2, "change_message": "[{\"changed\": {\"fields\": [\"Nome\"]}}]"}}, {"model": "admin.logentry", "pk": 60, "fields": {"action_time": "2024-11-19T19:17:24.361Z", "user": 1, "content_type": 12, "object_id": "109", "object_repr": "Física", "action_flag": 2, "change_message": "[{\"changed\": {\"fields\": [\"Nome\"]}}]"}}, {"model": "admin.logentry", "pk": 61, "fields": {"action_time": "2024-11-19T19:17:34.221Z", "user": 1, "content_type": 12, "object_id": "108", "object_repr": "Língua Estrangeira - Inglês", "action_flag": 2, "change_message": "[{\"changed\": {\"fields\": [\"Nome\"]}}]"}}, {"model": "admin.logentry", "pk": 62, "fields": {"action_time": "2024-11-19T19:17:45.989Z", "user": 1, "content_type": 12, "object_id": "111", "object_repr": "Circuitos Elétricos I", "action_flag": 2, "change_message": "[{\"changed\": {\"fields\": [\"Nome\"]}}]"}}, {"model": "admin.logentry", "pk": 63, "fields": {"action_time": "2024-11-19T19:17:54.279Z", "user": 1, "content_type": 12, "object_id": "106", "object_repr": "Informática Instrumental", "action_flag": 2, "change_message": "[{\"changed\": {\"fields\": [\"Nome\"]}}]"}}, {"model": "admin.logentry", "pk": 64, "fields": {"action_time": "2024-11-19T19:18:02.316Z", "user": 1, "content_type": 12, "object_id": "105", "object_repr": "Eletrônica Digital I", "action_flag": 2, "change_message": "[{\"changed\": {\"fields\": [\"Nome\"]}}]"}}, {"model": "admin.logentry", "pk": 65, "fields": {"action_time": "2024-11-19T19:18:17.201Z", "user": 1, "content_type": 12, "object_id": "104", "object_repr": "Inglês aplicado à eletrônica", "action_flag": 2, "change_message": "[{\"changed\": {\"fields\": [\"Nome\"]}}]"}}, {"model": "admin.logentry", "pk": 66, "fields": {"action_time": "2024-11-19T19:18:26.314Z", "user": 1, "content_type": 12, "object_id": "103", "object_repr": "Desenho Técnico", "action_flag": 2, "change_message": "[{\"changed\": {\"fields\": [\"Nome\"]}}]"}}, {"model": "admin.logentry", "pk": 67, "fields": {"action_time": "2024-11-19T19:18:34.656Z", "user": 1, "content_type": 12, "object_id": "102", "object_repr": "Matemática", "action_flag": 2, "change_message": "[{\"changed\": {\"fields\": [\"Nome\"]}}]"}}, {"model": "admin.logentry", "pk": 68, "fields": {"action_time": "2024-11-19T19:18:43.231Z", "user": 1, "content_type": 12, "object_id": "98", "object_repr": "História", "action_flag": 2, "change_message": "[{\"changed\": {\"fields\": [\"Nome\"]}}]"}}, {"model": "admin.logentry", "pk": 69, "fields": {"action_time": "2024-11-19T19:18:52.435Z", "user": 1, "content_type": 12, "object_id": "97", "object_repr": "Língua Portuguesa e Literatura", "action_flag": 2, "change_message": "[{\"changed\": {\"fields\": [\"Nome\"]}}]"}}, {"model": "admin.logentry", "pk": 70, "fields": {"action_time": "2024-11-19T19:19:03.282Z", "user": 1, "content_type": 12, "object_id": "96", "object_repr": "Educação Física", "action_flag": 2, "change_message": "[{\"changed\": {\"fields\": [\"Nome\"]}}]"}}, {"model": "admin.logentry", "pk": 71, "fields": {"action_time": "2024-11-19T19:19:10.948Z", "user": 1, "content_type": 12, "object_id": "94", "object_repr": "Sementes crioulas e Recursos genéticos", "action_flag": 2, "change_message": "[{\"changed\": {\"fields\": [\"Nome\"]}}]"}}, {"model": "admin.logentry", "pk": 72, "fields": {"action_time": "2024-11-19T19:19:18.946Z", "user": 1, "content_type": 12, "object_id": "93", "object_repr": "Cultivo de hortaliçaas", "action_flag": 2, "change_message": "[{\"changed\": {\"fields\": [\"Nome\"]}}]"}}, {"model": "admin.logentry", "pk": 73, "fields": {"action_time": "2024-11-19T19:19:26.356Z", "user": 1, "content_type": 12, "object_id": "93", "object_repr": "Cultivo de hortaliças", "action_flag": 2, "change_message": "[{\"changed\": {\"fields\": [\"Nome\"]}}]"}}, {"model": "admin.logentry", "pk": 74, "fields": {"action_time": "2024-11-19T19:19:34.263Z", "user": 1, "content_type": 12, "object_id": "92", "object_repr": "Plantas Medicinais, Aromáticas e Condimentares", "action_flag": 2, "change_message": "[{\"changed\": {\"fields\": [\"Nome\"]}}]"}}, {"model": "admin.logentry", "pk": 75, "fields": {"action_time": "2024-11-19T19:19:47.299Z", "user": 1, "content_type": 12, "object_id": "91", "object_repr": "Fundamentos teóricos da Criação animal", "action_flag": 2, "change_message": "[{\"changed\": {\"fields\": [\"Nome\"]}}]"}}, {"model": "admin.logentry", "pk": 76, "fields": {"action_time": "2024-11-19T19:20:09.045Z", "user": 1, "content_type": 12, "object_id": "90", "object_repr": "Agroindustrialização e processamento de alimentos orgânicos", "action_flag": 2, "change_message": "[{\"changed\": {\"fields\": [\"Nome\"]}}]"}}, {"model": "admin.logentry", "pk": 77, "fields": {"action_time": "2024-11-19T19:20:19.412Z", "user": 1, "content_type": 12, "object_id": "89", "object_repr": "Economia solidária", "action_flag": 2, "change_message": "[{\"changed\": {\"fields\": [\"Nome\"]}}]"}}, {"model": "admin.logentry", "pk": 78, "fields": {"action_time": "2024-11-19T19:20:31.942Z", "user": 1, "content_type": 12, "object_id": "87", "object_repr": "Tópicos de botânica aplicados", "action_flag": 2, "change_message": "[{\"changed\": {\"fields\": [\"Nome\"]}}]"}}, {"model": "admin.logentry", "pk": 79, "fields": {"action_time": "2024-11-19T19:20:47.847Z", "user": 1, "content_type": 12, "object_id": "86", "object_repr": "Prática na Agroecologia", "action_flag": 2, "change_message": "[{\"changed\": {\"fields\": [\"Nome\"]}}]"}}, {"model": "admin.logentry", "pk": 80, "fields": {"action_time": "2024-11-19T19:21:12.607Z", "user": 1, "content_type": 12, "object_id": "83", "object_repr": "Vivências e Práticas Agroecológicas II", "action_flag": 2, "change_message": "[{\"changed\": {\"fields\": [\"Nome\"]}}]"}}, {"model": "admin.logentry", "pk": 81, "fields": {"action_time": "2024-11-19T19:21:25.473Z", "user": 1, "content_type": 12, "object_id": "82", "object_repr": "Recursos Hídricos, Irrigação e Drenagem", "action_flag": 2, "change_message": "[{\"changed\": {\"fields\": [\"Nome\"]}}]"}}, {"model": "admin.logentry", "pk": 82, "fields": {"action_time": "2024-11-19T19:21:48.896Z", "user": 1, "content_type": 12, "object_id": "81", "object_repr": "Gestão de cadeias Agroalimentares e certificação orgânica", "action_flag": 2, "change_message": "[{\"changed\": {\"fields\": [\"Nome\"]}}]"}}, {"model": "admin.logentry", "pk": 83, "fields": {"action_time": "2024-11-19T19:21:56.862Z", "user": 1, "content_type": 12, "object_id": "78", "object_repr": "Língua Estrangeira - Espanhol", "action_flag": 2, "change_message": "[{\"changed\": {\"fields\": [\"Nome\"]}}]"}}, {"model": "admin.logentry", "pk": 84, "fields": {"action_time": "2024-11-19T19:22:06.725Z", "user": 1, "content_type": 12, "object_id": "77", "object_repr": "Gênero, agroecologia e emancipaþÒo social", "action_flag": 2, "change_message": "[{\"changed\": {\"fields\": [\"Nome\"]}}]"}}, {"model": "admin.logentry", "pk": 85, "fields": {"action_time": "2024-11-19T19:22:13.499Z", "user": 1, "content_type": 12, "object_id": "77", "object_repr": "Gênero, agroecologia e emancipação social", "action_flag": 2, "change_message": "[{\"changed\": {\"fields\": [\"Nome\"]}}]"}}, {"model": "admin.logentry", "pk": 86, "fields": {"action_time": "2024-11-19T19:22:29.400Z", "user": 1, "content_type": 12, "object_id": "76", "object_repr": "Seminário Temático II", "action_flag": 2, "change_message": "[{\"changed\": {\"fields\": [\"Nome\"]}}]"}}, {"model": "admin.logentry", "pk": 87, "fields": {"action_time": "2024-11-19T19:22:42.302Z", "user": 1, "content_type": 12, "object_id": "75", "object_repr": "Manejo de organismos benéficos e nocivos aos cultivos agrícolas", "action_flag": 2, "change_message": "[{\"changed\": {\"fields\": [\"Nome\"]}}]"}}, {"model": "admin.logentry", "pk": 88, "fields": {"action_time": "2024-11-19T19:22:49.670Z", "user": 1, "content_type": 12, "object_id": "74", "object_repr": "Educação popular", "action_flag": 2, "change_message": "[{\"changed\": {\"fields\": [\"Nome\"]}}]"}}, {"model": "admin.logentry", "pk": 89, "fields": {"action_time": "2024-11-19T19:22:55.668Z", "user": 1, "content_type": 12, "object_id": "73", "object_repr": "Língua Portuguesa e Literatura IV", "action_flag": 2, "change_message": "[{\"changed\": {\"fields\": [\"Nome\"]}}]"}}, {"model": "admin.logentry", "pk": 90, "fields": {"action_time": "2024-11-19T19:23:16.179Z", "user": 1, "content_type": 12, "object_id": "72", "object_repr": "Química II", "action_flag": 2, "change_message": "[{\"changed\": {\"fields\": [\"Nome\"]}}]"}}, {"model": "admin.logentry", "pk": 91, "fields": {"action_time": "2024-11-19T19:23:21.059Z", "user": 1, "content_type": 12, "object_id": "71", "object_repr": "Física II", "action_flag": 2, "change_message": "[{\"changed\": {\"fields\": [\"Nome\"]}}]"}}, {"model": "admin.logentry", "pk": 92, "fields": {"action_time": "2024-11-19T19:23:27.651Z", "user": 1, "content_type": 12, "object_id": "68", "object_repr": "Seminário Temático I", "action_flag": 2, "change_message": "[{\"changed\": {\"fields\": [\"Nome\"]}}]"}}, {"model": "admin.logentry", "pk": 93, "fields": {"action_time": "2024-11-19T19:23:42.401Z", "user": 1, "content_type": 12, "object_id": "67", "object_repr": "Tópicos de sistemas agrícolas", "action_flag": 2, "change_message": "[{\"changed\": {\"fields\": [\"Nome\"]}}]"}}, {"model": "admin.logentry", "pk": 94, "fields": {"action_time": "2024-11-19T19:23:58.919Z", "user": 1, "content_type": 12, "object_id": "64", "object_repr": "Química I", "action_flag": 2, "change_message": "[{\"changed\": {\"fields\": [\"Nome\"]}}]"}}, {"model": "admin.logentry", "pk": 95, "fields": {"action_time": "2024-11-19T19:24:04.008Z", "user": 1, "content_type": 12, "object_id": "63", "object_repr": "Língua Portuguesa e Literatura II", "action_flag": 2, "change_message": "[{\"changed\": {\"fields\": [\"Nome\"]}}]"}}, {"model": "admin.logentry", "pk": 96, "fields": {"action_time": "2024-11-19T19:24:08.679Z", "user": 1, "content_type": 12, "object_id": "62", "object_repr": "Matemática II", "action_flag": 2, "change_message": "[{\"changed\": {\"fields\": [\"Nome\"]}}]"}}, {"model": "admin.logentry", "pk": 97, "fields": {"action_time": "2024-11-19T19:24:16.441Z", "user": 1, "content_type": 12, "object_id": "61", "object_repr": "História II", "action_flag": 2, "change_message": "[{\"changed\": {\"fields\": [\"Nome\"]}}]"}}, {"model": "admin.logentry", "pk": 98, "fields": {"action_time": "2024-11-19T19:24:31.991Z", "user": 1, "content_type": 12, "object_id": "59", "object_repr": "Tópicos de Técnicas Agrícolas", "action_flag": 2, "change_message": "[{\"changed\": {\"fields\": [\"Nome\"]}}]"}}, {"model": "admin.logentry", "pk": 99, "fields": {"action_time": "2024-11-19T19:24:46.006Z", "user": 1, "content_type": 12, "object_id": "57", "object_repr": "Vivências e Práticas Agroecológicas I", "action_flag": 2, "change_message": "[{\"changed\": {\"fields\": [\"Nome\"]}}]"}}, {"model": "admin.logentry", "pk": 100, "fields": {"action_time": "2024-11-19T19:25:04.264Z", "user": 1, "content_type": 12, "object_id": "56", "object_repr": "Introdução á Agroecologia em territórios rural e urbanos", "action_flag": 2, "change_message": "[{\"changed\": {\"fields\": [\"Nome\"]}}]"}}, {"model": "admin.logentry", "pk": 101, "fields": {"action_time": "2024-11-19T19:25:10.281Z", "user": 1, "content_type": 12, "object_id": "55", "object_repr": "Matemática I", "action_flag": 2, "change_message": "[{\"changed\": {\"fields\": [\"Nome\"]}}]"}}, {"model": "admin.logentry", "pk": 102, "fields": {"action_time": "2024-11-19T19:25:23.372Z", "user": 1, "content_type": 12, "object_id": "54", "object_repr": "Ética e Cidadania", "action_flag": 2, "change_message": "[{\"changed\": {\"fields\": [\"Nome\"]}}]"}}, {"model": "admin.logentry", "pk": 103, "fields": {"action_time": "2024-11-19T19:25:36.196Z", "user": 1, "content_type": 12, "object_id": "53", "object_repr": "Gestão Estratégica e Financeira", "action_flag": 2, "change_message": "[{\"changed\": {\"fields\": [\"Nome\"]}}]"}}, {"model": "admin.logentry", "pk": 104, "fields": {"action_time": "2024-11-19T19:25:45.367Z", "user": 1, "content_type": 12, "object_id": "49", "object_repr": "Química II", "action_flag": 2, "change_message": "[{\"changed\": {\"fields\": [\"Nome\"]}}]"}}, {"model": "admin.logentry", "pk": 105, "fields": {"action_time": "2024-11-19T19:25:53.148Z", "user": 1, "content_type": 12, "object_id": "43", "object_repr": "Matemática V", "action_flag": 2, "change_message": "[{\"changed\": {\"fields\": [\"Nome\"]}}]"}}, {"model": "admin.logentry", "pk": 106, "fields": {"action_time": "2024-11-19T19:26:06.467Z", "user": 1, "content_type": 12, "object_id": "42", "object_repr": "História III", "action_flag": 2, "change_message": "[{\"changed\": {\"fields\": [\"Nome\"]}}]"}}, {"model": "admin.logentry", "pk": 107, "fields": {"action_time": "2024-11-19T19:26:16.473Z", "user": 1, "content_type": 12, "object_id": "41", "object_repr": "Química I", "action_flag": 2, "change_message": "[{\"changed\": {\"fields\": [\"Nome\"]}}]"}}, {"model": "admin.logentry", "pk": 108, "fields": {"action_time": "2024-11-19T19:26:23.267Z", "user": 1, "content_type": 12, "object_id": "39", "object_repr": "Língua Espanhola IV", "action_flag": 2, "change_message": "[{\"changed\": {\"fields\": [\"Nome\"]}}]"}}, {"model": "admin.logentry", "pk": 109, "fields": {"action_time": "2024-11-19T19:26:30.487Z", "user": 1, "content_type": 12, "object_id": "38", "object_repr": "Gestão de Pessoas", "action_flag": 2, "change_message": "[{\"changed\": {\"fields\": [\"Nome\"]}}]"}}, {"model": "admin.logentry", "pk": 110, "fields": {"action_time": "2024-11-19T19:26:37.839Z", "user": 1, "content_type": 12, "object_id": "37", "object_repr": "Informática Instrumental III", "action_flag": 2, "change_message": "[{\"changed\": {\"fields\": [\"Nome\"]}}]"}}, {"model": "admin.logentry", "pk": 111, "fields": {"action_time": "2024-11-19T19:26:47.527Z", "user": 1, "content_type": 12, "object_id": "36", "object_repr": "Matemática IV", "action_flag": 2, "change_message": "[{\"changed\": {\"fields\": [\"Nome\"]}}]"}}, {"model": "admin.logentry", "pk": 112, "fields": {"action_time": "2024-11-19T19:26:55.463Z", "user": 1, "content_type": 12, "object_id": "34", "object_repr": "Física II", "action_flag": 2, "change_message": "[{\"changed\": {\"fields\": [\"Nome\"]}}]"}}, {"model": "admin.logentry", "pk": 113, "fields": {"action_time": "2024-11-19T19:27:01.441Z", "user": 1, "content_type": 12, "object_id": "33", "object_repr": "Educação e Trabalho", "action_flag": 2, "change_message": "[{\"changed\": {\"fields\": [\"Nome\"]}}]"}}, {"model": "admin.logentry", "pk": 114, "fields": {"action_time": "2024-11-19T19:27:09.423Z", "user": 1, "content_type": 12, "object_id": "31", "object_repr": "Língua Espanhola III", "action_flag": 2, "change_message": "[{\"changed\": {\"fields\": [\"Nome\"]}}]"}}, {"model": "admin.logentry", "pk": 115, "fields": {"action_time": "2024-11-19T19:27:18.485Z", "user": 1, "content_type": 12, "object_id": "30", "object_repr": "Língua Portuguesa e Literatura IV", "action_flag": 2, "change_message": "[{\"changed\": {\"fields\": [\"Nome\"]}}]"}}, {"model": "admin.logentry", "pk": 116, "fields": {"action_time": "2024-11-19T19:27:35.159Z", "user": 1, "content_type": 12, "object_id": "29", "object_repr": "Gestão de Serviços e Operações", "action_flag": 2, "change_message": "[{\"changed\": {\"fields\": [\"Nome\"]}}]"}}, {"model": "admin.logentry", "pk": 117, "fields": {"action_time": "2024-11-19T19:27:44.102Z", "user": 1, "content_type": 12, "object_id": "28", "object_repr": "Informática Instrumental II", "action_flag": 2, "change_message": "[{\"changed\": {\"fields\": [\"Nome\"]}}]"}}, {"model": "admin.logentry", "pk": 118, "fields": {"action_time": "2024-11-19T19:28:05.343Z", "user": 1, "content_type": 12, "object_id": "27", "object_repr": "Física I", "action_flag": 2, "change_message": "[{\"changed\": {\"fields\": [\"Nome\"]}}]"}}, {"model": "admin.logentry", "pk": 119, "fields": {"action_time": "2024-11-19T19:28:12.967Z", "user": 1, "content_type": 12, "object_id": "26", "object_repr": "Matemática III", "action_flag": 2, "change_message": "[{\"changed\": {\"fields\": [\"Nome\"]}}]"}}, {"model": "admin.logentry", "pk": 120, "fields": {"action_time": "2024-11-19T19:28:20.756Z", "user": 1, "content_type": 12, "object_id": "24", "object_repr": "História II", "action_flag": 2, "change_message": "[{\"changed\": {\"fields\": [\"Nome\"]}}]"}}, {"model": "admin.logentry", "pk": 121, "fields": {"action_time": "2024-11-19T19:28:27.166Z", "user": 1, "content_type": 12, "object_id": "22", "object_repr": "Língua Espanhola II", "action_flag": 2, "change_message": "[{\"changed\": {\"fields\": [\"Nome\"]}}]"}}, {"model": "admin.logentry", "pk": 122, "fields": {"action_time": "2024-11-19T19:28:33.812Z", "user": 1, "content_type": 12, "object_id": "21", "object_repr": "Língua Portuguesa e Literatura III", "action_flag": 2, "change_message": "[{\"changed\": {\"fields\": [\"Nome\"]}}]"}}, {"model": "admin.logentry", "pk": 123, "fields": {"action_time": "2024-11-19T19:28:41.013Z", "user": 1, "content_type": 12, "object_id": "19", "object_repr": "Informática Instrumental I", "action_flag": 2, "change_message": "[{\"changed\": {\"fields\": [\"Nome\"]}}]"}}, {"model": "admin.logentry", "pk": 124, "fields": {"action_time": "2024-11-19T19:28:47.962Z", "user": 1, "content_type": 12, "object_id": "18", "object_repr": "Matemática II", "action_flag": 2, "change_message": "[{\"changed\": {\"fields\": [\"Nome\"]}}]"}}, {"model": "admin.logentry", "pk": 125, "fields": {"action_time": "2024-11-19T19:28:56.954Z", "user": 1, "content_type": 12, "object_id": "15", "object_repr": "Língua Espanhola I", "action_flag": 2, "change_message": "[{\"changed\": {\"fields\": [\"Nome\"]}}]"}}, {"model": "admin.logentry", "pk": 126, "fields": {"action_time": "2024-11-19T19:29:03.505Z", "user": 1, "content_type": 12, "object_id": "14", "object_repr": "Língua Portuguesa e Literatura II", "action_flag": 2, "change_message": "[{\"changed\": {\"fields\": [\"Nome\"]}}]"}}, {"model": "admin.logentry", "pk": 127, "fields": {"action_time": "2024-11-19T19:29:09.821Z", "user": 1, "content_type": 12, "object_id": "13", "object_repr": "Matemática I", "action_flag": 2, "change_message": "[{\"changed\": {\"fields\": [\"Nome\"]}}]"}}, {"model": "admin.logentry", "pk": 128, "fields": {"action_time": "2024-11-19T19:29:24.793Z", "user": 1, "content_type": 12, "object_id": "12", "object_repr": "Princípio de administração e serviços", "action_flag": 2, "change_message": "[{\"changed\": {\"fields\": [\"Nome\"]}}]"}}, {"model": "admin.logentry", "pk": 129, "fields": {"action_time": "2024-11-19T19:29:52.634Z", "user": 1, "content_type": 12, "object_id": "10", "object_repr": "Aprendizagem autônoma e ambiente virtual de ensino e aprendizagem", "action_flag": 2, "change_message": "[{\"changed\": {\"fields\": [\"Nome\"]}}]"}}, {"model": "admin.logentry", "pk": 130, "fields": {"action_time": "2024-11-19T19:30:01.115Z", "user": 1, "content_type": 12, "object_id": "9", "object_repr": "História I", "action_flag": 2, "change_message": "[{\"changed\": {\"fields\": [\"Nome\"]}}]"}}, {"model": "admin.logentry", "pk": 131, "fields": {"action_time": "2024-11-19T19:30:20.411Z", "user": 1, "content_type": 12, "object_id": "8", "object_repr": "Educação Física", "action_flag": 2, "change_message": "[{\"changed\": {\"fields\": [\"Nome\"]}}]"}}, {"model": "auth.permission", "pk": 1, "fields": {"name": "Can add log entry", "content_type": 1, "codename": "add_logentry"}}, {"model": "auth.permission", "pk": 2, "fields": {"name": "Can change log entry", "content_type": 1, "codename": "change_logentry"}}, {"model": "auth.permission", "pk": 3, "fields": {"name": "Can delete log entry", "content_type": 1, "codename": "delete_logentry"}}, {"model": "auth.permission", "pk": 4, "fields": {"name": "Can view log entry", "content_type": 1, "codename": "view_logentry"}}, {"model": "auth.permission", "pk": 5, "fields": {"name": "Can add permission", "content_type": 2, "codename": "add_permission"}}, {"model": "auth.permission", "pk": 6, "fields": {"name": "Can change permission", "content_type": 2, "codename": "change_permission"}}, {"model": "auth.permission", "pk": 7, "fields": {"name": "Can delete permission", "content_type": 2, "codename": "delete_permission"}}, {"model": "auth.permission", "pk": 8, "fields": {"name": "Can view permission", "content_type": 2, "codename": "view_permission"}}, {"model": "auth.permission", "pk": 9, "fields": {"name": "Can add group", "content_type": 3, "codename": "add_group"}}, {"model": "auth.permission", "pk": 10, "fields": {"name": "Can change group", "content_type": 3, "codename": "change_group"}}, {"model": "auth.permission", "pk": 11, "fields": {"name": "Can delete group", "content_type": 3, "codename": "delete_group"}}, {"model": "auth.permission", "pk": 12, "fields": {"name": "Can view group", "content_type": 3, "codename": "view_group"}}, {"model": "auth.permission", "pk": 13, "fields": {"name": "Can add content type", "content_type": 4, "codename": "add_contenttype"}}, {"model": "auth.permission", "pk": 14, "fields": {"name": "Can change content type", "content_type": 4, "codename": "change_contenttype"}}, {"model": "auth.permission", "pk": 15, "fields": {"name": "Can delete content type", "content_type": 4, "codename": "delete_contenttype"}}, {"model": "auth.permission", "pk": 16, "fields": {"name": "Can view content type", "content_type": 4, "codename": "view_contenttype"}}, {"model": "auth.permission", "pk": 17, "fields": {"name": "Can add session", "content_type": 5, "codename": "add_session"}}, {"model": "auth.permission", "pk": 18, "fields": {"name": "Can change session", "content_type": 5, "codename": "change_session"}}, {"model": "auth.permission", "pk": 19, "fields": {"name": "Can delete session", "content_type": 5, "codename": "delete_session"}}, {"model": "auth.permission", "pk": 20, "fields": {"name": "Can view session", "content_type": 5, "codename": "view_session"}}, {"model": "auth.permission", "pk": 21, "fields": {"name": "Can add calendario academico", "content_type": 6, "codename": "add_calendarioacademico"}}, {"model": "auth.permission", "pk": 22, "fields": {"name": "Can change calendario academico", "content_type": 6, "codename": "change_calendarioacademico"}}, {"model": "auth.permission", "pk": 23, "fields": {"name": "Can delete calendario academico", "content_type": 6, "codename": "delete_calendarioacademico"}}, {"model": "auth.permission", "pk": 24, "fields": {"name": "Can view calendario academico", "content_type": 6, "codename": "view_calendarioacademico"}}, {"model": "auth.permission", "pk": 25, "fields": {"name": "Can add evento", "content_type": 7, "codename": "add_evento"}}, {"model": "auth.permission", "pk": 26, "fields": {"name": "Can change evento", "content_type": 7, "codename": "change_evento"}}, {"model": "auth.permission", "pk": 27, "fields": {"name": "Can delete evento", "content_type": 7, "codename": "delete_evento"}}, {"model": "auth.permission", "pk": 28, "fields": {"name": "Can view evento", "content_type": 7, "codename": "view_evento"}}, {"model": "auth.permission", "pk": 29, "fields": {"name": "Can add form encerramento", "content_type": 8, "codename": "add_formencerramento"}}, {"model": "auth.permission", "pk": 30, "fields": {"name": "Can change form encerramento", "content_type": 8, "codename": "change_formencerramento"}}, {"model": "auth.permission", "pk": 31, "fields": {"name": "Can delete form encerramento", "content_type": 8, "codename": "delete_formencerramento"}}, {"model": "auth.permission", "pk": 32, "fields": {"name": "Can view form encerramento", "content_type": 8, "codename": "view_formencerramento"}}, {"model": "auth.permission", "pk": 33, "fields": {"name": "Can add plano estudos", "content_type": 9, "codename": "add_planoestudos"}}, {"model": "auth.permission", "pk": 34, "fields": {"name": "Can change plano estudos", "content_type": 9, "codename": "change_planoestudos"}}, {"model": "auth.permission", "pk": 35, "fields": {"name": "Can delete plano estudos", "content_type": 9, "codename": "delete_planoestudos"}}, {"model": "auth.permission", "pk": 36, "fields": {"name": "Can view plano estudos", "content_type": 9, "codename": "view_planoestudos"}}, {"model": "auth.permission", "pk": 37, "fields": {"name": "Can add aluno", "content_type": 10, "codename": "add_aluno"}}, {"model": "auth.permission", "pk": 38, "fields": {"name": "Can change aluno", "content_type": 10, "codename": "change_aluno"}}, {"model": "auth.permission", "pk": 39, "fields": {"name": "Can delete aluno", "content_type": 10, "codename": "delete_aluno"}}, {"model": "auth.permission", "pk": 40, "fields": {"name": "Can view aluno", "content_type": 10, "codename": "view_aluno"}}, {"model": "auth.permission", "pk": 41, "fields": {"name": "Can add curso", "content_type": 11, "codename": "add_curso"}}, {"model": "auth.permission", "pk": 42, "fields": {"name": "Can change curso", "content_type": 11, "codename": "change_curso"}}, {"model": "auth.permission", "pk": 43, "fields": {"name": "Can delete curso", "content_type": 11, "codename": "delete_curso"}}, {"model": "auth.permission", "pk": 44, "fields": {"name": "Can view curso", "content_type": 11, "codename": "view_curso"}}, {"model": "auth.permission", "pk": 45, "fields": {"name": "Can add disciplina", "content_type": 12, "codename": "add_disciplina"}}, {"model": "auth.permission", "pk": 46, "fields": {"name": "Can change disciplina", "content_type": 12, "codename": "change_disciplina"}}, {"model": "auth.permission", "pk": 47, "fields": {"name": "Can delete disciplina", "content_type": 12, "codename": "delete_disciplina"}}, {"model": "auth.permission", "pk": 48, "fields": {"name": "Can view disciplina", "content_type": 12, "codename": "view_disciplina"}}, {"model": "auth.permission", "pk": 49, "fields": {"name": "Can add pe d_emi", "content_type": 13, "codename": "add_ped_emi"}}, {"model": "auth.permission", "pk": 50, "fields": {"name": "Can change pe d_emi", "content_type": 13, "codename": "change_ped_emi"}}, {"model": "auth.permission", "pk": 51, "fields": {"name": "Can delete pe d_emi", "content_type": 13, "codename": "delete_ped_emi"}}, {"model": "auth.permission", "pk": 52, "fields": {"name": "Can view pe d_emi", "content_type": 13, "codename": "view_ped_emi"}}, {"model": "auth.permission", "pk": 53, "fields": {"name": "Can add atividade_emi", "content_type": 14, "codename": "add_atividade_emi"}}, {"model": "auth.permission", "pk": 54, "fields": {"name": "Can change atividade_emi", "content_type": 14, "codename": "change_atividade_emi"}}, {"model": "auth.permission", "pk": 55, "fields": {"name": "Can delete atividade_emi", "content_type": 14, "codename": "delete_atividade_emi"}}, {"model": "auth.permission", "pk": 56, "fields": {"name": "Can view atividade_emi", "content_type": 14, "codename": "view_atividade_emi"}}, {"model": "auth.permission", "pk": 57, "fields": {"name": "Can add pe d_ pro eja", "content_type": 15, "codename": "add_ped_proeja"}}, {"model": "auth.permission", "pk": 58, "fields": {"name": "Can change pe d_ pro eja", "content_type": 15, "codename": "change_ped_proeja"}}, {"model": "auth.permission", "pk": 59, "fields": {"name": "Can delete pe d_ pro eja", "content_type": 15, "codename": "delete_ped_proeja"}}, {"model": "auth.permission", "pk": 60, "fields": {"name": "Can view pe d_ pro eja", "content_type": 15, "codename": "view_ped_proeja"}}, {"model": "auth.permission", "pk": 61, "fields": {"name": "Can add atividade_ pro eja", "content_type": 16, "codename": "add_atividade_proeja"}}, {"model": "auth.permission", "pk": 62, "fields": {"name": "Can change atividade_ pro eja", "content_type": 16, "codename": "change_atividade_proeja"}}, {"model": "auth.permission", "pk": 63, "fields": {"name": "Can delete atividade_ pro eja", "content_type": 16, "codename": "delete_atividade_proeja"}}, {"model": "auth.permission", "pk": 64, "fields": {"name": "Can view atividade_ pro eja", "content_type": 16, "codename": "view_atividade_proeja"}}, {"model": "auth.permission", "pk": 65, "fields": {"name": "Can add professor", "content_type": 17, "codename": "add_professor"}}, {"model": "auth.permission", "pk": 66, "fields": {"name": "Can change professor", "content_type": 17, "codename": "change_professor"}}, {"model": "auth.permission", "pk": 67, "fields": {"name": "Can delete professor", "content_type": 17, "codename": "delete_professor"}}, {"model": "auth.permission", "pk": 68, "fields": {"name": "Can view professor", "content_type": 17, "codename": "view_professor"}}, {"model": "auth.permission", "pk": 69, "fields": {"name": "Can add turma", "content_type": 18, "codename": "add_turma"}}, {"model": "auth.permission", "pk": 70, "fields": {"name": "Can change turma", "content_type": 18, "codename": "change_turma"}}, {"model": "auth.permission", "pk": 71, "fields": {"name": "Can delete turma", "content_type": 18, "codename": "delete_turma"}}, {"model": "auth.permission", "pk": 72, "fields": {"name": "Can view turma", "content_type": 18, "codename": "view_turma"}}, {"model": "auth.permission", "pk": 73, "fields": {"name": "Can add ppt", "content_type": 19, "codename": "add_ppt"}}, {"model": "auth.permission", "pk": 74, "fields": {"name": "Can change ppt", "content_type": 19, "codename": "change_ppt"}}, {"model": "auth.permission", "pk": 75, "fields": {"name": "Can delete ppt", "content_type": 19, "codename": "delete_ppt"}}, {"model": "auth.permission", "pk": 76, "fields": {"name": "Can view ppt", "content_type": 19, "codename": "view_ppt"}}, {"model": "auth.permission", "pk": 77, "fields": {"name": "Can add Usußrio Base", "content_type": 20, "codename": "add_usuariobase"}}, {"model": "auth.permission", "pk": 78, "fields": {"name": "Can change Usußrio Base", "content_type": 20, "codename": "change_usuariobase"}}, {"model": "auth.permission", "pk": 79, "fields": {"name": "Can delete Usußrio Base", "content_type": 20, "codename": "delete_usuariobase"}}, {"model": "auth.permission", "pk": 80, "fields": {"name": "Can view Usußrio Base", "content_type": 20, "codename": "view_usuariobase"}}, {"model": "auth.group", "pk": 1, "fields": {"name": "Gestão Escolar", "permissions": [1, 2, 3, 4, 9, 10, 11, 12, 5, 6, 7, 8, 13, 14, 15, 16, 37, 38, 39, 40, 21, 22, 23, 24, 41, 42, 43, 44, 25, 26, 27, 28, 29, 30, 31, 32, 33, 34, 35, 36, 17, 18, 19, 20]}}, {"model": "auth.group", "pk": 2, "fields": {"name": "Aluno", "permissions": [25, 26, 28]}}, {"model": "auth.group", "pk": 3, "fields": {"name": "Coordenador", "permissions": [40, 24, 44, 28, 32, 36]}}, {"model": "auth.group", "pk": 4, "fields": {"name": "Registro Escolar", "permissions": [40, 24, 44, 28, 32, 36]}}, {"model": "auth.group", "pk": 5, "fields": {"name": "Professor", "permissions": [40, 24, 44, 28, 32, 33, 34, 36]}}, {"model": "contenttypes.contenttype", "pk": 1, "fields": {"app_label": "admin", "model": "logentry"}}, {"model": "contenttypes.contenttype", "pk": 2, "fields": {"app_label": "auth", "model": "permission"}}, {"model": "contenttypes.contenttype", "pk": 3, "fields": {"app_label": "auth", "model": "group"}}, {"model": "contenttypes.contenttype", "pk": 4, "fields": {"app_label": "contenttypes", "model": "contenttype"}}, {"model": "contenttypes.contenttype", "pk": 5, "fields": {"app_label": "sessions", "model": "session"}}, {"model": "contenttypes.contenttype", "pk": 6, "fields": {"app_label": "dependencias_app", "model": "calendarioacademico"}}, {"model": "contenttypes.contenttype", "pk": 7, "fields": {"app_label": "dependencias_app", "model": "evento"}}, {"model": "contenttypes.contenttype", "pk": 8, "fields": {"app_label": "dependencias_app", "model": "formencerramento"}}, {"model": "contenttypes.contenttype", "pk": 9, "fields": {"app_label": "dependencias_app", "model": "planoestudos"}}, {"model": "contenttypes.contenttype", "pk": 10, "fields": {"app_label": "dependencias_app", "model": "aluno"}}, {"model": "contenttypes.contenttype", "pk": 11, "fields": {"app_label": "dependencias_app", "model": "curso"}}, {"model": "contenttypes.contenttype", "pk": 12, "fields": {"app_label": "dependencias_app", "model": "disciplina"}}, {"model": "contenttypes.contenttype", "pk": 13, "fields": {"app_label": "dependencias_app", "model": "ped_emi"}}, {"model": "contenttypes.contenttype", "pk": 14, "fields": {"app_label": "dependencias_app", "model": "atividade_emi"}}, {"model": "contenttypes.contenttype", "pk": 15, "fields": {"app_label": "dependencias_app", "model": "ped_proeja"}}, {"model": "contenttypes.contenttype", "pk": 16, "fields": {"app_label": "dependencias_app", "model": "atividade_proeja"}}, {"model": "contenttypes.contenttype", "pk": 17, "fields": {"app_label": "dependencias_app", "model": "professor"}}, {"model": "contenttypes.contenttype", "pk": 18, "fields": {"app_label": "dependencias_app", "model": "turma"}}, {"model": "contenttypes.contenttype", "pk": 19, "fields": {"app_label": "dependencias_app", "model": "ppt"}}, {"model": "contenttypes.contenttype", "pk": 20, "fields": {"app_label": "google_auth", "model": "usuariobase"}}, {"model": "sessions.session", "pk": "bkwbe4u4lqeezi72zftetb6okszovjei", "fields": {"session_data": ".eJxVjDsOwjAQBe_iGln-fyjpOYO1Xq9xADlSnFSIu0OkFNC-mXkvlmBbW9oGLWkq7MwkO_1uGfBBfQflDv02c5z7ukyZ7wo_6ODXudDzcrh_Bw1G-9ZWENhcBemAFk0lVzOqIiJE77NQVjqomtAKWQh1UFmHUCCaqKRxzrP3BwCMOAI:1tD73e:SUx4jZuzhRtUosyxeUQBduu33wCJR2nU7KT0VbM748g", "expire_date": "2024-11-19T19:05:10.637Z"}}, {"model": "sessions.session", "pk": "f2uyvnlv9nvhf659ypr299owewgs72jk", "fields": {"session_data": ".eJxVjL0OgjAURt-lsyGFUqBuOhg0kSguOJHb9tbyIyQUBjW-u5CwuH7nnO9D3Agjki055dlzyIvLsXub166-itRlNmX3Q2ubW0E2pIRptOXkcCgrPQf-_yZBNdgtQNfQPXpP9d04VNJbFG-lzjv3Gtv96v4dWHB2rjlF4NJQZIniKjQYGakCTQWIOJY04H4EhqHi1NeoWBJIliQaRCgCP4yimHx_M-1Fjg:1tDTT0:Lhol4oH-sJby0neDju03IY4EVnYbWAUyzZDg098ur8A", "expire_date": "2024-11-20T19:00:50.744Z"}}, {"model": "sessions.session", "pk": "mk4epsc1757h7d2e6vockt0d18l29q6q", "fields": {"session_data": ".eJxVjDsOwjAQBe_iGln-fyjpOYO1Xq9xADlSnFSIu0OkFNC-mXkvlmBbW9oGLWkq7MwkO_1uGfBBfQflDv02c5z7ukyZ7wo_6ODXudDzcrh_Bw1G-9ZWENhcBemAFk0lVzOqIiJE77NQVjqomtAKWQh1UFmHUCCaqKRxzrP3BwCMOAI:1tDAj2:SxMZ5wrtDohLcdEcYogzdLk-GZAHNvAG0FZQGQPI5UE", "expire_date": "2024-11-19T23:00:08.209Z"}}, {"model": "dependencias_app.curso", "pk": 1, "fields": {"nome": "Eletronica", "carga_horaria": 3673, "modalidade": "Integrado", "coordenador": 43}}, {"model": "dependencias_app.curso", "pk": 2, "fields": {"nome": "Informatica", "carga_horaria": 3490, "modalidade": "Integrado", "coordenador": 44}}, {"model": "dependencias_app.curso", "pk": 3, "fields": {"nome": "Lazer", "carga_horaria": 3000, "modalidade": "Integrado", "coordenador": 45}}, {"model": "dependencias_app.curso", "pk": 4, "fields": {"nome": "Agroecologia", "carga_horaria": 2490, "modalidade": "ProEJA", "coordenador": 48}}, {"model": "dependencias_app.curso", "pk": 5, "fields": {"nome": "Comercio", "carga_horaria": 2409, "modalidade": "ProEJA", "coordenador": 49}}, {"model": "dependencias_app.disciplina", "pk": 7, "fields": {"nome": "Lingua Portuguesa e Literatura I", "carga_horaria": 100, "cursos": [4, 5]}}, {"model": "dependencias_app.disciplina", "pk": 8, "fields": {"nome": "Educação Física", "carga_horaria": 40, "cursos": [4, 5]}}, {"model": "dependencias_app.disciplina", "pk": 9, "fields": {"nome": "História I", "carga_horaria": 40, "cursos": [4, 5]}}, {"model": "dependencias_app.disciplina", "pk": 10, "fields": {"nome": "Aprendizagem autônoma e ambiente virtual de ensino e aprendizagem", "carga_horaria": 60, "cursos": [5]}}, {"model": "dependencias_app.disciplina", "pk": 11, "fields": {"nome": "Filosofia I", "carga_horaria": 40, "cursos": [4, 5]}}, {"model": "dependencias_app.disciplina", "pk": 12, "fields": {"nome": "Princípio de administração e serviços", "carga_horaria": 100, "cursos": [5]}}, {"model": "dependencias_app.disciplina", "pk": 13, "fields": {"nome": "Matemática I", "carga_horaria": 100, "cursos": [4, 5]}}, {"model": "dependencias_app.disciplina", "pk": 14, "fields": {"nome": "Língua Portuguesa e Literatura II", "carga_horaria": 100, "cursos": [5]}}, {"model": "dependencias_app.disciplina", "pk": 15, "fields": {"nome": "Língua Espanhola I", "carga_horaria": 40, "cursos": [5]}}, {"model": "dependencias_app.disciplina", "pk": 16, "fields": {"nome": "Geografia I", "carga_horaria": 40, "cursos": [4, 5]}}, {"model": "dependencias_app.disciplina", "pk": 17, "fields": {"nome": "Sociologia I", "carga_horaria": 40, "cursos": [4, 5]}}, {"model": "dependencias_app.disciplina", "pk": 18, "fields": {"nome": "Matemática II", "carga_horaria": 100, "cursos": [5]}}, {"model": "dependencias_app.disciplina", "pk": 19, "fields": {"nome": "Informática Instrumental I", "carga_horaria": 60, "cursos": [5]}}, {"model": "dependencias_app.disciplina", "pk": 20, "fields": {"nome": "Teorias Administrativas", "carga_horaria": 100, "cursos": [5]}}, {"model": "dependencias_app.disciplina", "pk": 21, "fields": {"nome": "Língua Portuguesa e Literatura III", "carga_horaria": 60, "cursos": [4, 5]}}, {"model": "dependencias_app.disciplina", "pk": 22, "fields": {"nome": "Língua Espanhola II", "carga_horaria": 40, "cursos": [5]}}, {"model": "dependencias_app.disciplina", "pk": 23, "fields": {"nome": "Filosofia II", "carga_horaria": 40, "cursos": [4, 5]}}, {"model": "dependencias_app.disciplina", "pk": 24, "fields": {"nome": "História II", "carga_horaria": 40, "cursos": [5]}}, {"model": "dependencias_app.disciplina", "pk": 25, "fields": {"nome": "Artes I", "carga_horaria": 60, "cursos": [5]}}, {"model": "dependencias_app.disciplina", "pk": 26, "fields": {"nome": "Matemática III", "carga_horaria": 60, "cursos": [4, 5]}}, {"model": "dependencias_app.disciplina", "pk": 27, "fields": {"nome": "Física I", "carga_horaria": 40, "cursos": [4, 5]}}, {"model": "dependencias_app.disciplina", "pk": 28, "fields": {"nome": "Informática Instrumental II", "carga_horaria": 60, "cursos": [5]}}, {"model": "dependencias_app.disciplina", "pk": 29, "fields": {"nome": "Gestão de Serviços e Operações", "carga_horaria": 100, "cursos": [5]}}, {"model": "dependencias_app.disciplina", "pk": 30, "fields": {"nome": "Língua Portuguesa e Literatura IV", "carga_horaria": 60, "cursos": [5]}}, {"model": "dependencias_app.disciplina", "pk": 31, "fields": {"nome": "Língua Espanhola III", "carga_horaria": 40, "cursos": [5]}}, {"model": "dependencias_app.disciplina", "pk": 32, "fields": {"nome": "Sociologia II", "carga_horaria": 40, "cursos": [4, 5]}}, {"model": "dependencias_app.disciplina", "pk": 33, "fields": {"nome": "Educação e Trabalho", "carga_horaria": 60, "cursos": [5]}}, {"model": "dependencias_app.disciplina", "pk": 34, "fields": {"nome": "Física II", "carga_horaria": 60, "cursos": [5]}}, {"model": "dependencias_app.disciplina", "pk": 35, "fields": {"nome": "Geografia II", "carga_horaria": 40, "cursos": [4, 5]}}, {"model": "dependencias_app.disciplina", "pk": 36, "fields": {"nome": "Matemática IV", "carga_horaria": 40, "cursos": [4, 5]}}, {"model": "dependencias_app.disciplina", "pk": 37, "fields": {"nome": "Informática Instrumental III", "carga_horaria": 40, "cursos": [5]}}, {"model": "dependencias_app.disciplina", "pk": 38, "fields": {"nome": "Gestão de Pessoas", "carga_horaria": 100, "cursos": [5]}}, {"model": "dependencias_app.disciplina", "pk": 39, "fields": {"nome": "Língua Espanhola IV", "carga_horaria": 40, "cursos": [5]}}, {"model": "dependencias_app.disciplina", "pk": 40, "fields": {"nome": "Biologia I", "carga_horaria": 60, "cursos": [4, 5]}}, {"model": "dependencias_app.disciplina", "pk": 41, "fields": {"nome": "Química I", "carga_horaria": 40, "cursos": [5]}}, {"model": "dependencias_app.disciplina", "pk": 42, "fields": {"nome": "História III", "carga_horaria": 40, "cursos": [4, 5]}}, {"model": "dependencias_app.disciplina", "pk": 43, "fields": {"nome": "Matemática V", "carga_horaria": 60, "cursos": [5]}}, {"model": "dependencias_app.disciplina", "pk": 44, "fields": {"nome": "Filosofia III", "carga_horaria": 40, "cursos": [4, 5]}}, {"model": "dependencias_app.disciplina", "pk": 45, "fields": {"nome": "Empreendedorismo", "carga_horaria": 100, "cursos": [5]}}, {"model": "dependencias_app.disciplina", "pk": 46, "fields": {"nome": "Mercadologia", "carga_horaria": 100, "cursos": [5]}}, {"model": "dependencias_app.disciplina", "pk": 47, "fields": {"nome": "Sociologia III", "carga_horaria": 40, "cursos": [4, 5]}}, {"model": "dependencias_app.disciplina", "pk": 48, "fields": {"nome": "Biologia II", "carga_horaria": 40, "cursos": [4, 5]}}, {"model": "dependencias_app.disciplina", "pk": 49, "fields": {"nome": "Química II", "carga_horaria": 60, "cursos": [5]}}, {"model": "dependencias_app.disciplina", "pk": 50, "fields": {"nome": "Geografia III", "carga_horaria": 60, "cursos": [5]}}, {"model": "dependencias_app.disciplina", "pk": 51, "fields": {"nome": "Artes II", "carga_horaria": 40, "cursos": [5]}}, {"model": "dependencias_app.disciplina", "pk": 52, "fields": {"nome": "Arranjos Produtivos Locais", "carga_horaria": 100, "cursos": [5]}}, {"model": "dependencias_app.disciplina", "pk": 53, "fields": {"nome": "Gestão Estratégica e Financeira", "carga_horaria": 100, "cursos": [5]}}, {"model": "dependencias_app.disciplina", "pk": 54, "fields": {"nome": "Ética e Cidadania", "carga_horaria": 40, "cursos": [5]}}, {"model": "dependencias_app.disciplina", "pk": 55, "fields": {"nome": "Matemática I", "carga_horaria": 60, "cursos": [4]}}, {"model": "dependencias_app.disciplina", "pk": 56, "fields": {"nome": "Introdução á Agroecologia em territórios rural e urbanos", "carga_horaria": 60, "cursos": [4]}}, {"model": "dependencias_app.disciplina", "pk": 57, "fields": {"nome": "Vivências e Práticas Agroecológicas I", "carga_horaria": 100, "cursos": [4]}}, {"model": "dependencias_app.disciplina", "pk": 58, "fields": {"nome": "Natureza e Sociedades", "carga_horaria": 60, "cursos": [4]}}, {"model": "dependencias_app.disciplina", "pk": 59, "fields": {"nome": "Tópicos de Técnicas Agrícolas", "carga_horaria": 60, "cursos": [4]}}, {"model": "dependencias_app.disciplina", "pk": 60, "fields": {"nome": "Solos I (Natureza e Manejo do Solo)", "carga_horaria": 40, "cursos": [4]}}, {"model": "dependencias_app.disciplina", "pk": 61, "fields": {"nome": "História II", "carga_horaria": 60, "cursos": [4]}}, {"model": "dependencias_app.disciplina", "pk": 62, "fields": {"nome": "Matemática II", "carga_horaria": 60, "cursos": [4]}}, {"model": "dependencias_app.disciplina", "pk": 63, "fields": {"nome": "Língua Portuguesa e Literatura II", "carga_horaria": 60, "cursos": [4]}}, {"model": "dependencias_app.disciplina", "pk": 64, "fields": {"nome": "Química I", "carga_horaria": 60, "cursos": [4]}}, {"model": "dependencias_app.disciplina", "pk": 65, "fields": {"nome": "Geografia III", "carga_horaria": 40, "cursos": [4]}}, {"model": "dependencias_app.disciplina", "pk": 66, "fields": {"nome": "Artes", "carga_horaria": 40, "cursos": [4]}}, {"model": "dependencias_app.disciplina", "pk": 67, "fields": {"nome": "Tópicos de sistemas agrícolas", "carga_horaria": 40, "cursos": [4]}}, {"model": "dependencias_app.disciplina", "pk": 68, "fields": {"nome": "Seminário Temático I", "carga_horaria": 60, "cursos": [4]}}, {"model": "dependencias_app.disciplina", "pk": 69, "fields": {"nome": "Solos II (Natureza e Manejo do Solo)", "carga_horaria": 60, "cursos": [4]}}, {"model": "dependencias_app.disciplina", "pk": 70, "fields": {"nome": "Biologia III", "carga_horaria": 60, "cursos": [4]}}, {"model": "dependencias_app.disciplina", "pk": 71, "fields": {"nome": "Física II", "carga_horaria": 40, "cursos": [4]}}, {"model": "dependencias_app.disciplina", "pk": 72, "fields": {"nome": "Química II", "carga_horaria": 40, "cursos": [4]}}, {"model": "dependencias_app.disciplina", "pk": 73, "fields": {"nome": "Língua Portuguesa e Literatura IV", "carga_horaria": 40, "cursos": [4]}}, {"model": "dependencias_app.disciplina", "pk": 74, "fields": {"nome": "Educação popular", "carga_horaria": 60, "cursos": [4]}}, {"model": "dependencias_app.disciplina", "pk": 75, "fields": {"nome": "Manejo de organismos benéficos e nocivos aos cultivos agrícolas", "carga_horaria": 60, "cursos": [4]}}, {"model": "dependencias_app.disciplina", "pk": 76, "fields": {"nome": "Seminário Temático II", "carga_horaria": 60, "cursos": [4]}}, {"model": "dependencias_app.disciplina", "pk": 77, "fields": {"nome": "Gênero, agroecologia e emancipação social", "carga_horaria": 60, "cursos": [4]}}, {"model": "dependencias_app.disciplina", "pk": 78, "fields": {"nome": "Língua Estrangeira - Espanhol", "carga_horaria": 40, "cursos": [1, 4]}}, {"model": "dependencias_app.disciplina", "pk": 79, "fields": {"nome": "Geografia e Agroecologia", "carga_horaria": 60, "cursos": [4]}}, {"model": "dependencias_app.disciplina", "pk": 80, "fields": {"nome": "Culturas Regionais", "carga_horaria": 60, "cursos": [4]}}, {"model": "dependencias_app.disciplina", "pk": 81, "fields": {"nome": "Gestão de cadeias Agroalimentares e certificação orgânica", "carga_horaria": 40, "cursos": [4]}}, {"model": "dependencias_app.disciplina", "pk": 82, "fields": {"nome": "Recursos Hídricos, Irrigação e Drenagem", "carga_horaria": 60, "cursos": [4]}}, {"model": "dependencias_app.disciplina", "pk": 83, "fields": {"nome": "Vivências e Práticas Agroecológicas II", "carga_horaria": 60, "cursos": [4]}}, {"model": "dependencias_app.disciplina", "pk": 84, "fields": {"nome": "Fruticultura", "carga_horaria": 40, "cursos": [4]}}, {"model": "dependencias_app.disciplina", "pk": 85, "fields": {"nome": "Biologia vegetal aplicada", "carga_horaria": 60, "cursos": [4]}}, {"model": "dependencias_app.disciplina", "pk": 86, "fields": {"nome": "Prática na Agroecologia", "carga_horaria": 60, "cursos": [4]}}, {"model": "dependencias_app.disciplina", "pk": 87, "fields": {"nome": "Tópicos de botânica aplicados", "carga_horaria": 40, "cursos": [4]}}, {"model": "dependencias_app.disciplina", "pk": 88, "fields": {"nome": "Agricultura Urbana", "carga_horaria": 60, "cursos": [4]}}, {"model": "dependencias_app.disciplina", "pk": 89, "fields": {"nome": "Economia solidária", "carga_horaria": 40, "cursos": [3, 4]}}, {"model": "dependencias_app.disciplina", "pk": 90, "fields": {"nome": "Agroindustrialização e processamento de alimentos orgânicos", "carga_horaria": 60, "cursos": [4]}}, {"model": "dependencias_app.disciplina", "pk": 91, "fields": {"nome": "Fundamentos teóricos da Criação animal", "carga_horaria": 40, "cursos": [4]}}, {"model": "dependencias_app.disciplina", "pk": 92, "fields": {"nome": "Plantas Medicinais, Aromáticas e Condimentares", "carga_horaria": 60, "cursos": [4]}}, {"model": "dependencias_app.disciplina", "pk": 93, "fields": {"nome": "Cultivo de hortaliças", "carga_horaria": 60, "cursos": [4]}}, {"model": "dependencias_app.disciplina", "pk": 94, "fields": {"nome": "Sementes crioulas e Recursos genéticos", "carga_horaria": 40, "cursos": [4]}}, {"model": "dependencias_app.disciplina", "pk": 95, "fields": {"nome": "Artes", "carga_horaria": 80, "cursos": [1, 2]}}, {"model": "dependencias_app.disciplina", "pk": 96, "fields": {"nome": "Educação Física", "carga_horaria": 80, "cursos": [1, 2, 3]}}, {"model": "dependencias_app.disciplina", "pk": 97, "fields": {"nome": "Língua Portuguesa e Literatura", "carga_horaria": 120, "cursos": [1, 2]}}, {"model": "dependencias_app.disciplina", "pk": 98, "fields": {"nome": "História", "carga_horaria": 40, "cursos": [1, 2]}}, {"model": "dependencias_app.disciplina", "pk": 99, "fields": {"nome": "Geografia", "carga_horaria": 40, "cursos": [1, 2]}}, {"model": "dependencias_app.disciplina", "pk": 100, "fields": {"nome": "Filosofia", "carga_horaria": 40, "cursos": [1, 2]}}, {"model": "dependencias_app.disciplina", "pk": 101, "fields": {"nome": "Sociologia", "carga_horaria": 40, "cursos": [1, 2]}}, {"model": "dependencias_app.disciplina", "pk": 102, "fields": {"nome": "Matemática", "carga_horaria": 160, "cursos": [1, 2]}}, {"model": "dependencias_app.disciplina", "pk": 103, "fields": {"nome": "Desenho Técnico", "carga_horaria": 80, "cursos": [1]}}, {"model": "dependencias_app.disciplina", "pk": 104, "fields": {"nome": "Inglês aplicado à eletrônica", "carga_horaria": 80, "cursos": [1]}}, {"model": "dependencias_app.disciplina", "pk": 105, "fields": {"nome": "Eletrônica Digital I", "carga_horaria": 120, "cursos": [1]}}, {"model": "dependencias_app.disciplina", "pk": 106, "fields": {"nome": "Informática Instrumental", "carga_horaria": 80, "cursos": [1, 2]}}, {"model": "dependencias_app.disciplina", "pk": 107, "fields": {"nome": "Projeto integrador I", "carga_horaria": 40, "cursos": [1, 2]}}, {"model": "dependencias_app.disciplina", "pk": 108, "fields": {"nome": "Língua Estrangeira - Inglês", "carga_horaria": 80, "cursos": [1]}}, {"model": "dependencias_app.disciplina", "pk": 109, "fields": {"nome": "Física", "carga_horaria": 80, "cursos": [1, 2]}}, {"model": "dependencias_app.disciplina", "pk": 110, "fields": {"nome": "Algoritmos e Programação", "carga_horaria": 80, "cursos": [1]}}, {"model": "dependencias_app.disciplina", "pk": 111, "fields": {"nome": "Circuitos Elétricos I", "carga_horaria": 120, "cursos": [1]}}, {"model": "dependencias_app.disciplina", "pk": 112, "fields": {"nome": "Eletrônica Digital II", "carga_horaria": 120, "cursos": [1]}}, {"model": "dependencias_app.disciplina", "pk": 113, "fields": {"nome": "Projeto integrador II", "carga_horaria": 40, "cursos": [1, 2]}}, {"model": "dependencias_app.disciplina", "pk": 114, "fields": {"nome": "Biologia", "carga_horaria": 80, "cursos": [1, 2]}}, {"model": "dependencias_app.disciplina", "pk": 115, "fields": {"nome": "Química", "carga_horaria": 80, "cursos": [1, 2]}}, {"model": "dependencias_app.disciplina", "pk": 116, "fields": {"nome": "Circuitos Elétricos II", "carga_horaria": 120, "cursos": [1]}}, {"model": "dependencias_app.disciplina", "pk": 117, "fields": {"nome": "Eletrônica Analógica I", "carga_horaria": 120, "cursos": [1]}}, {"model": "dependencias_app.disciplina", "pk": 118, "fields": {"nome": "Projeto integrador III", "carga_horaria": 40, "cursos": [1, 2]}}, {"model": "dependencias_app.disciplina", "pk": 119, "fields": {"nome": "Sistemas Embarcados", "carga_horaria": 120, "cursos": [1]}}, {"model": "dependencias_app.disciplina", "pk": 120, "fields": {"nome": "Eletrônica Analógica II", "carga_horaria": 120, "cursos": [5]}}, {"model": "dependencias_app.disciplina", "pk": 121, "fields": {"nome": "Eletrônica de Potência", "carga_horaria": 120, "cursos": [5]}}, {"model": "dependencias_app.disciplina", "pk": 122, "fields": {"nome": "Projeto integrador IV", "carga_horaria": 40, "cursos": [2, 5]}}, {"model": "dependencias_app.disciplina", "pk": 123, "fields": {"nome": "Sistemas de Comunicação", "carga_horaria": 80, "cursos": [5]}}, {"model": "dependencias_app.disciplina", "pk": 124, "fields": {"nome": "Programação", "carga_horaria": 120, "cursos": [2]}}, {"model": "dependencias_app.disciplina", "pk": 125, "fields": {"nome": "Inglês aplicado á Informação", "carga_horaria": 80, "cursos": [2]}}, {"model": "dependencias_app.disciplina", "pk": 126, "fields": {"nome": "Hardware e Manutenção de Computadores", "carga_horaria": 80, "cursos": [2]}}, {"model": "dependencias_app.disciplina", "pk": 127, "fields": {"nome": "Sistemas Operacionais", "carga_horaria": 80, "cursos": [2]}}, {"model": "dependencias_app.disciplina", "pk": 128, "fields": {"nome": "Banco de Dados", "carga_horaria": 120, "cursos": [2]}}, {"model": "dependencias_app.disciplina", "pk": 129, "fields": {"nome": "Redes de Computadores", "carga_horaria": 80, "cursos": [2]}}, {"model": "dependencias_app.disciplina", "pk": 130, "fields": {"nome": "Engenharia de Software", "carga_horaria": 120, "cursos": [2]}}, {"model": "dependencias_app.disciplina", "pk": 131, "fields": {"nome": "Empreendedorismo", "carga_horaria": 80, "cursos": [2]}}, {"model": "dependencias_app.disciplina", "pk": 144, "fields": {"nome": "Inglês", "carga_horaria": 80, "cursos": [3]}}, {"model": "dependencias_app.disciplina", "pk": 145, "fields": {"nome": "Língua Portuguesa e Literatura I", "carga_horaria": 120, "cursos": [3]}}, {"model": "dependencias_app.disciplina", "pk": 146, "fields": {"nome": "Matemática I", "carga_horaria": 120, "cursos": [3]}}, {"model": "dependencias_app.disciplina", "pk": 147, "fields": {"nome": "Biologia I", "carga_horaria": 80, "cursos": [3]}}, {"model": "dependencias_app.disciplina", "pk": 148, "fields": {"nome": "Filosofia I", "carga_horaria": 80, "cursos": [3]}}, {"model": "dependencias_app.disciplina", "pk": 149, "fields": {"nome": "História I", "carga_horaria": 80, "cursos": [3]}}, {"model": "dependencias_app.disciplina", "pk": 150, "fields": {"nome": "Introdução ao Ensino Médio Integrado", "carga_horaria": 80, "cursos": [3]}}, {"model": "dependencias_app.disciplina", "pk": 151, "fields": {"nome": "Recreação e Ludicidade", "carga_horaria": 80, "cursos": [3]}}, {"model": "dependencias_app.disciplina", "pk": 152, "fields": {"nome": "Lazer e Cultura Digital", "carga_horaria": 80, "cursos": [3]}}, {"model": "dependencias_app.disciplina", "pk": 153, "fields": {"nome": "Práticas em Lazer I", "carga_horaria": 80, "cursos": [3]}}, {"model": "dependencias_app.disciplina", "pk": 154, "fields": {"nome": "Produção e Gestão Cultural", "carga_horaria": 80, "cursos": [3]}}, {"model": "dependencias_app.disciplina", "pk": 155, "fields": {"nome": "Teoria do Lazer I", "carga_horaria": 80, "cursos": [3]}}, {"model": "dependencias_app.disciplina", "pk": 156, "fields": {"nome": "Acessibilidade e Lazer", "carga_horaria": 80, "cursos": [3]}}, {"model": "dependencias_app.disciplina", "pk": 157, "fields": {"nome": "Língua Portuguesa e Literatura II", "carga_horaria": 120, "cursos": [3]}}, {"model": "dependencias_app.disciplina", "pk": 158, "fields": {"nome": "Sociologia I", "carga_horaria": 80, "cursos": [3]}}, {"model": "dependencias_app.disciplina", "pk": 159, "fields": {"nome": "Música", "carga_horaria": 80, "cursos": [3]}}, {"model": "dependencias_app.disciplina", "pk": 160, "fields": {"nome": "Artes Visuais", "carga_horaria": 80, "cursos": [3]}}, {"model": "dependencias_app.disciplina", "pk": 161, "fields": {"nome": "Matemática II", "carga_horaria": 80, "cursos": [3]}}, {"model": "dependencias_app.disciplina", "pk": 162, "fields": {"nome": "Biologia II", "carga_horaria": 80, "cursos": [3]}}, {"model": "dependencias_app.disciplina", "pk": 163, "fields": {"nome": "Física I", "carga_horaria": 80, "cursos": [3]}}, {"model": "dependencias_app.disciplina", "pk": 164, "fields": {"nome": "Química I", "carga_horaria": 80, "cursos": [3]}}, {"model": "dependencias_app.disciplina", "pk": 165, "fields": {"nome": "Filosofia II", "carga_horaria": 80, "cursos": [3]}}, {"model": "dependencias_app.disciplina", "pk": 166, "fields": {"nome": "História II", "carga_horaria": 80, "cursos": [3]}}, {"model": "dependencias_app.disciplina", "pk": 167, "fields": {"nome": "Inglês Aplicado ao Lazer", "carga_horaria": 80, "cursos": [3]}}, {"model": "dependencias_app.disciplina", "pk": 168, "fields": {"nome": "Geografia, Natureza e Lazer", "carga_horaria": 80, "cursos": [3]}}, {"model": "dependencias_app.disciplina", "pk": 169, "fields": {"nome": "Práticas em Lazer II", "carga_horaria": 80, "cursos": [3]}}, {"model": "dependencias_app.disciplina", "pk": 170, "fields": {"nome": "Teoria do Lazer II", "carga_horaria": 80, "cursos": [3]}}, {"model": "dependencias_app.disciplina", "pk": 171, "fields": {"nome": "Espanhol", "carga_horaria": 80, "cursos": [3]}}, {"model": "dependencias_app.disciplina", "pk": 172, "fields": {"nome": "Língua Portuguesa e Literatura III", "carga_horaria": 120, "cursos": [3]}}, {"model": "dependencias_app.disciplina", "pk": 173, "fields": {"nome": "Matemática III", "carga_horaria": 120, "cursos": [3]}}, {"model": "dependencias_app.disciplina", "pk": 174, "fields": {"nome": "Física II", "carga_horaria": 80, "cursos": [3]}}, {"model": "dependencias_app.disciplina", "pk": 175, "fields": {"nome": "Química II", "carga_horaria": 80, "cursos": [3]}}, {"model": "dependencias_app.disciplina", "pk": 176, "fields": {"nome": "Geografia", "carga_horaria": 80, "cursos": [3]}}, {"model": "dependencias_app.disciplina", "pk": 177, "fields": {"nome": "Sociologia II", "carga_horaria": 80, "cursos": [3]}}, {"model": "dependencias_app.disciplina", "pk": 178, "fields": {"nome": "Pesquisa em Lazer", "carga_horaria": 80, "cursos": [3]}}, {"model": "dependencias_app.disciplina", "pk": 179, "fields": {"nome": "Lazer e Artes Visuais", "carga_horaria": 80, "cursos": [3]}}, {"model": "dependencias_app.disciplina", "pk": 180, "fields": {"nome": "Turismo", "carga_horaria": 80, "cursos": [3]}}, {"model": "dependencias_app.disciplina", "pk": 181, "fields": {"nome": "Produção de Eventos", "carga_horaria": 80, "cursos": [3]}}, {"model": "dependencias_app.disciplina", "pk": 182, "fields": {"nome": "Educação Física e Lazer", "carga_horaria": 80, "cursos": [3]}}, {"model": "dependencias_app.disciplina", "pk": 183, "fields": {"nome": "Corpo, Lazer e Sociedade", "carga_horaria": 80, "cursos": [3]}}, {"model": "dependencias_app.disciplina", "pk": 184, "fields": {"nome": "Lazer e Música", "carga_horaria": 80, "cursos": [3]}}, {"model": "dependencias_app.turma", "pk": 1, "fields": {"numero": "111", "curso": 1}}, {"model": "dependencias_app.turma", "pk": 2, "fields": {"numero": "211", "curso": 1}}, {"model": "dependencias_app.turma", "pk": 3, "fields": {"numero": "311", "curso": 1}}, {"model": "dependencias_app.turma", "pk": 4, "fields": {"numero": "411", "curso": 1}}, {"model": "dependencias_app.turma", "pk": 5, "fields": {"numero": "121", "curso": 2}}, {"model": "dependencias_app.turma", "pk": 6, "fields": {"numero": "221", "curso": 2}}, {"model": "dependencias_app.turma", "pk": 7, "fields": {"numero": "321", "curso": 2}}, {"model": "dependencias_app.turma", "pk": 8, "fields": {"numero": "421", "curso": 2}}, {"model": "dependencias_app.turma", "pk": 9, "fields": {"numero": "131", "curso": 3}}, {"model": "dependencias_app.turma", "pk": 10, "fields": {"numero": "231", "curso": 3}}, {"model": "dependencias_app.turma", "pk": 11, "fields": {"numero": "331", "curso": 3}}, {"model": "dependencias_app.turma", "pk": 12, "fields": {"numero": "431", "curso": 3}}, {"model": "dependencias_app.ppt", "pk": 1, "fields": {"status": "Criada", "data_criacao": "2024-11-17", "data_inicio": null, "data_final": null, "nota_final": 0.0, "situacao": "Em avaliaþÒo", "observacao": "", "turma_atual": 2, "turma_progressao": 1, "aluno": 5, "disciplina": 102, "curso": 1, "professor_disciplina": 32, "professor_ppt": 32}}, {"model": "dependencias_app.ppt", "pk": 2, "fields": {"status": "Criada", "data_criacao": "2024-11-17", "data_inicio": null, "data_final": null, "nota_final": 0.0, "situacao": "Em avaliaþÒo", "observacao": "", "turma_atual": 2, "turma_progressao": 1, "aluno": 6, "disciplina": 102, "curso": 1, "professor_disciplina": 33, "professor_ppt": 33}}, {"model": "dependencias_app.ppt", "pk": 3, "fields": {"status": "Criada", "data_criacao": "2024-11-17", "data_inicio": null, "data_final": null, "nota_final": 0.0, "situacao": "Em avaliaþÒo", "observacao": "", "turma_atual": 2, "turma_progressao": 1, "aluno": 7, "disciplina": 98, "curso": 1, "professor_disciplina": 30, "professor_ppt": 30}}, {"model": "dependencias_app.ppt", "pk": 4, "fields": {"status": "Criada", "data_criacao": "2024-11-17", "data_inicio": null, "data_final": null, "nota_final": 0.0, "situacao": "Em avaliaþÒo", "observacao": "", "turma_atual": 6, "turma_progressao": 5, "aluno": 12, "disciplina": 124, "curso": 2, "professor_disciplina": 37, "professor_ppt": 37}}, {"model": "dependencias_app.ppt", "pk": 5, "fields": {"status": "Criada", "data_criacao": "2024-11-17", "data_inicio": null, "data_final": null, "nota_final": 0.0, "situacao": "Em avaliaþÒo", "observacao": "", "turma_atual": 10, "turma_progressao": 9, "aluno": 20, "disciplina": 146, "curso": 3, "professor_disciplina": 40, "professor_ppt": 40}}, {"model": "dependencias_app.ppt", "pk": 6, "fields": {"status": "Criada", "data_criacao": "2024-11-17", "data_inicio": null, "data_final": null, "nota_final": 0.0, "situacao": "Em avaliaþÒo", "observacao": "", "turma_atual": 10, "turma_progressao": 9, "aluno": 21, "disciplina": 149, "curso": 3, "professor_disciplina": 30, "professor_ppt": 30}}, {"model": "dependencias_app.professor", "pk": 1, "fields": {"cpf": "03599261008", "matricula": "12345678", "usuario": 56}}, {"model": "dependencias_app.ped_emi", "pk": 1, "fields": {"status": "Criada", "data_criacao": "2024-11-17", "data_inicio": null, "data_final": null, "nota_final": 0.0, "situacao": "Em avaliaþÒo", "observacao": "", "aluno": 50, "professor_ped": 35, "professor_disciplina": 28, "disciplina": 102, "curso": 1, "trimestre_recuperar": "1║, 2║, 3║", "serie_progressao": "1║ Ano", "turma_atual": 2, "plano_estudos": null, "form_encerramento": null}}, {"model": "dependencias_app.ped_emi", "pk": 2, "fields": {"status": "Criada", "data_criacao": "2024-11-17", "data_inicio": null, "data_final": null, "nota_final": 0.0, "situacao": "Em avaliaþÒo", "observacao": "", "aluno": 51, "professor_ped": 54, "professor_disciplina": 31, "disciplina": 105, "curso": 1, "trimestre_recuperar": "1║, 2║, 3║", "serie_progressao": "1║ Ano", "turma_atual": 2, "plano_estudos": null, "form_encerramento": null}}, {"model": "dependencias_app.ped_emi", "pk": 3, "fields": {"status": "Criada", "data_criacao": "2024-11-17", "data_inicio": null, "data_final": null, "nota_final": 0.0, "situacao": "Em avaliaþÒo", "observacao": "", "aluno": 52, "professor_ped": 55, "professor_disciplina": 36, "disciplina": 116, "curso": 1, "trimestre_recuperar": "1║, 3║", "serie_progressao": "3║ Ano", "turma_atual": 4, "plano_estudos": null, "form_encerramento": null}}, {"model": "dependencias_app.ped_emi", "pk": 4, "fields": {"status": "Criada", "data_criacao": "2024-11-17","periodo_letivo":  1, "data_inicio": null, "data_final": null, "nota_final": 0.0, "situacao": "Em avaliaþÒo", "observacao": "", "aluno": 16, "professor_ped": 37, "professor_disciplina": 31, "disciplina": 127, "curso": 2, "trimestre_recuperar": "3║", "serie_progressao": "2║ Ano", "turma_atual": 7, "plano_estudos": null, "form_encerramento": null}}, {"model": "dependencias_app.ped_emi", "pk": 5, "fields": {"status": "Criada", "data_criacao": "2024-11-17", "data_inicio": null, "data_final": null, "nota_final": 0.0, "situacao": "Em avaliaþÒo", "observacao": "", "aluno": 53, "professor_ped": 37, "professor_disciplina": 25, "disciplina": 124, "curso": 2, "trimestre_recuperar": "2║, 3║", "serie_progressao": "2║ Ano", "turma_atual": 7, "plano_estudos": null, "form_encerramento": null}}, {"model": "dependencias_app.ped_proeja", "pk": 1, "fields": {"status": "Criada", "data_criacao": "2024-11-17", "data_inicio": null, "data_final": null, "nota_final": 0.0, "situacao": "Em avaliaþÒo", "observacao": "", "aluno": 23, "professor_ped": 26, "professor_disciplina": 26, "disciplina": 78, "curso": 4, "ano_semestre_reprov": "2023/2", "plano_estudos": null, "form_encerramento": null}}, {"model": "dependencias_app.ped_proeja", "pk": 2, "fields": {"status": "Criada", "data_criacao": "2024-11-17", "data_inicio": null, "data_final": null, "nota_final": 0.0, "situacao": "Em avaliaþÒo", "observacao": "", "aluno": 23, "professor_ped": 27, "professor_disciplina": 34, "disciplina": 7, "curso": 4, "ano_semestre_reprov": "2021/1", "plano_estudos": null, "form_encerramento": null}}, {"model": "google_auth.usuariobase", "pk": 1, "fields": {"is_superuser": true, "is_staff": true, "date_joined": "2024-11-17T17:31:03Z", "nome": "NÃO RESPONDA Fábrica de Software", "primeiro_login": false, "email": "naoresponda_sistema@restinga.ifrs.edu.br", "grupo": 1, "data_ingresso": null, "is_active": true, "user_permissions": []}}, {"model": "google_auth.usuariobase", "pk": 2, "fields": {"is_superuser": false, "is_staff": false, "date_joined": "2024-11-17T17:59:38.110Z", "nome": null, "primeiro_login": true, "email": "10040409@aluno.restinga.ifrs.edu.br", "grupo": 2, "data_ingresso": null, "is_active": true, "user_permissions": []}}, {"model": "google_auth.usuariobase", "pk": 3, "fields": {"is_superuser": false, "is_staff": false, "date_joined": "2024-11-17T18:00:54.898Z", "nome": null, "primeiro_login": true, "email": "10040347@aluno.restinga.ifrs.edu.br", "grupo": 2, "data_ingresso": null, "is_active": true, "user_permissions": []}}, {"model": "google_auth.usuariobase", "pk": 4, "fields": {"is_superuser": false, "is_staff": false, "date_joined": "2024-11-17T18:01:12.476Z", "nome": null, "primeiro_login": true, "email": "10040402@aluno.restinga.ifrs.edu.br", "grupo": 2, "data_ingresso": null, "is_active": true, "user_permissions": []}}, {"model": "google_auth.usuariobase", "pk": 5, "fields": {"is_superuser": false, "is_staff": false, "date_joined": "2024-11-17T18:01:20.542Z", "nome": null, "primeiro_login": true, "email": "10040396@aluno.restinga.ifrs.edu.br", "grupo": 2, "data_ingresso": null, "is_active": true, "user_permissions": []}}, {"model": "google_auth.usuariobase", "pk": 6, "fields": {"is_superuser": false, "is_staff": false, "date_joined": "2024-11-17T18:01:29.349Z", "nome": null, "primeiro_login": true, "email": "10040403@aluno.restinga.ifrs.edu.br", "grupo": 2, "data_ingresso": null, "is_active": true, "user_permissions": []}}, {"model": "google_auth.usuariobase", "pk": 7, "fields": {"is_superuser": false, "is_staff": false, "date_joined": "2024-11-17T18:01:36.193Z", "nome": null, "primeiro_login": true, "email": "10040289@aluno.restinga.ifrs.edu.br", "grupo": 2, "data_ingresso": null, "is_active": true, "user_permissions": []}}, {"model": "google_auth.usuariobase", "pk": 8, "fields": {"is_superuser": false, "is_staff": false, "date_joined": "2024-11-17T18:01:43.441Z", "nome": null, "primeiro_login": true, "email": "10040279@aluno.restinga.ifrs.edu.br", "grupo": 2, "data_ingresso": null, "is_active": true, "user_permissions": []}}, {"model": "google_auth.usuariobase", "pk": 9, "fields": {"is_superuser": false, "is_staff": false, "date_joined": "2024-11-17T18:01:50.662Z", "nome": null, "primeiro_login": true, "email": "10040337@aluno.restinga.ifrs.edu.br", "grupo": 2, "data_ingresso": null, "is_active": true, "user_permissions": []}}, {"model": "google_auth.usuariobase", "pk": 10, "fields": {"is_superuser": false, "is_staff": false, "date_joined": "2024-11-17T18:01:59.097Z", "nome": null, "primeiro_login": true, "email": "10040315@aluno.restinga.ifrs.edu.br", "grupo": 2, "data_ingresso": null, "is_active": true, "user_permissions": []}}, {"model": "google_auth.usuariobase", "pk": 11, "fields": {"is_superuser": false, "is_staff": false, "date_joined": "2024-11-17T18:02:08.782Z", "nome": null, "primeiro_login": true, "email": "10040308@aluno.restinga.ifrs.edu.br", "grupo": 2, "data_ingresso": null, "is_active": true, "user_permissions": []}}, {"model": "google_auth.usuariobase", "pk": 12, "fields": {"is_superuser": false, "is_staff": false, "date_joined": "2024-11-17T18:02:17.594Z", "nome": null, "primeiro_login": true, "email": "10160235@aluno.restinga.ifrs.edu.br", "grupo": 2, "data_ingresso": null, "is_active": true, "user_permissions": []}}, {"model": "google_auth.usuariobase", "pk": 13, "fields": {"is_superuser": false, "is_staff": false, "date_joined": "2024-11-17T18:02:23.576Z", "nome": null, "primeiro_login": true, "email": "10160239@aluno.restinga.ifrs.edu.br", "grupo": 2, "data_ingresso": null, "is_active": true, "user_permissions": []}}, {"model": "google_auth.usuariobase", "pk": 14, "fields": {"is_superuser": false, "is_staff": false, "date_joined": "2024-11-17T18:02:31.288Z", "nome": null, "primeiro_login": true, "email": "10160123@aluno.restinga.ifrs.edu.br", "grupo": 2, "data_ingresso": null, "is_active": true, "user_permissions": []}}, {"model": "google_auth.usuariobase", "pk": 15, "fields": {"is_superuser": false, "is_staff": false, "date_joined": "2024-11-17T18:02:38.271Z", "nome": null, "primeiro_login": true, "email": "10160175@aluno.restinga.ifrs.edu.br", "grupo": 2, "data_ingresso": null, "is_active": true, "user_permissions": []}}, {"model": "google_auth.usuariobase", "pk": 16, "fields": {"is_superuser": false, "is_staff": false, "date_joined": "2024-11-17T18:02:47.855Z", "nome": null, "primeiro_login": true, "email": "10160182@aluno.restinga.ifrs.edu.br", "grupo": 2, "data_ingresso": null, "is_active": true, "user_permissions": []}}, {"model": "google_auth.usuariobase", "pk": 17, "fields": {"is_superuser": false, "is_staff": false, "date_joined": "2024-11-17T18:02:56.778Z", "nome": null, "primeiro_login": true, "email": "10160164@aluno.restinga.ifrs.edu.br", "grupo": 2, "data_ingresso": null, "is_active": true, "user_permissions": []}}, {"model": "google_auth.usuariobase", "pk": 18, "fields": {"is_superuser": false, "is_staff": false, "date_joined": "2024-11-17T18:03:03.187Z", "nome": null, "primeiro_login": true, "email": "10160193@aluno.restinga.ifrs.edu.br", "grupo": 2, "data_ingresso": null, "is_active": true, "user_permissions": []}}, {"model": "google_auth.usuariobase", "pk": 19, "fields": {"is_superuser": false, "is_staff": false, "date_joined": "2024-11-17T18:03:09.453Z", "nome": null, "primeiro_login": true, "email": "10160195@aluno.restinga.ifrs.edu.br", "grupo": 2, "data_ingresso": null, "is_active": true, "user_permissions": []}}, {"model": "google_auth.usuariobase", "pk": 20, "fields": {"is_superuser": false, "is_staff": false, "date_joined": "2024-11-17T18:03:22.058Z", "nome": null, "primeiro_login": true, "email": "2023316932@aluno.restinga.ifrs.edu.br", "grupo": 2, "data_ingresso": null, "is_active": true, "user_permissions": []}}, {"model": "google_auth.usuariobase", "pk": 21, "fields": {"is_superuser": false, "is_staff": false, "date_joined": "2024-11-17T18:03:29.035Z", "nome": null, "primeiro_login": true, "email": "2023317241@aluno.restinga.ifrs.edu.br", "grupo": 2, "data_ingresso": null, "is_active": true, "user_permissions": []}}, {"model": "google_auth.usuariobase", "pk": 22, "fields": {"is_superuser": false, "is_staff": false, "date_joined": "2024-11-17T18:03:37.554Z", "nome": null, "primeiro_login": true, "email": "2023317250@aluno.restinga.ifrs.edu.br", "grupo": 2, "data_ingresso": null, "is_active": true, "user_permissions": []}}, {"model": "google_auth.usuariobase", "pk": 23, "fields": {"is_superuser": false, "is_staff": false, "date_joined": "2024-11-17T18:03:50.736Z", "nome": null, "primeiro_login": true, "email": "2021309302@aluno.restinga.ifrs.edu.br", "grupo": 2, "data_ingresso": null, "is_active": true, "user_permissions": []}}, {"model": "google_auth.usuariobase", "pk": 24, "fields": {"is_superuser": false, "is_staff": false, "date_joined": "2024-11-17T18:03:58.861Z", "nome": null, "primeiro_login": true, "email": "2021309278@aluno.restinga.ifrs.edu.br", "grupo": 2, "data_ingresso": null, "is_active": true, "user_permissions": []}}, {"model": "google_auth.usuariobase", "pk": 25, "fields": {"is_superuser": false, "is_staff": false, "date_joined": "2024-11-17T18:05:36.170Z", "nome": null, "primeiro_login": true, "email": "elizandra.martinazzi@restinga.ifrs.edu.br", "grupo": 5, "data_ingresso": null, "is_active": true, "user_permissions": []}}, {"model": "google_auth.usuariobase", "pk": 26, "fields": {"is_superuser": false, "is_staff": false, "date_joined": "2024-11-17T18:05:57.205Z", "nome": null, "primeiro_login": true, "email": "freddy.cuzco@restinga.ifrs.edu.br", "grupo": 5, "data_ingresso": null, "is_active": true, "user_permissions": []}}, {"model": "google_auth.usuariobase", "pk": 27, "fields": {"is_superuser": false, "is_staff": false, "date_joined": "2024-11-17T18:06:31.391Z", "nome": null, "primeiro_login": true, "email": "anderson.matos@restinga.ifrs.edu.br", "grupo": 5, "data_ingresso": null, "is_active": true, "user_permissions": []}}, {"model": "google_auth.usuariobase", "pk": 28, "fields": {"is_superuser": false, "is_staff": false, "date_joined": "2024-11-17T18:07:04.161Z", "nome": null, "primeiro_login": true, "email": "daniela.sanfelice@restinga.ifrs.edu.br", "grupo": 5, "data_ingresso": null, "is_active": true, "user_permissions": []}}, {"model": "google_auth.usuariobase", "pk": 29, "fields": {"is_superuser": false, "is_staff": false, "date_joined": "2024-11-17T18:07:52.571Z", "nome": null, "primeiro_login": true, "email": "angela.cagliari@restinga.ifrs.edu.br", "grupo": 5, "data_ingresso": null, "is_active": true, "user_permissions": []}}, {"model": "google_auth.usuariobase", "pk": 30, "fields": {"is_superuser": false, "is_staff": false, "date_joined": "2024-11-17T18:08:16.079Z", "nome": null, "primeiro_login": true, "email": "stefan.bonow@restinga.ifrs.edu.br", "grupo": 5, "data_ingresso": null, "is_active": true, "user_permissions": []}}, {"model": "google_auth.usuariobase", "pk": 31, "fields": {"is_superuser": false, "is_staff": false, "date_joined": "2024-11-17T18:09:12.973Z", "nome": null, "primeiro_login": true, "email": "felipe.goncalves@restinga.ifrs.edu.br", "grupo": 5, "data_ingresso": null, "is_active": true, "user_permissions": []}}, {"model": "google_auth.usuariobase", "pk": 32, "fields": {"is_superuser": false, "is_staff": false, "date_joined": "2024-11-17T18:09:56.219Z", "nome": null, "primeiro_login": true, "email": "caren.fontella@restinga.ifrs.edu.br", "grupo": 5, "data_ingresso": null, "is_active": true, "user_permissions": []}}, {"model": "google_auth.usuariobase", "pk": 33, "fields": {"is_superuser": false, "is_staff": false, "date_joined": "2024-11-17T18:10:11.605Z", "nome": null, "primeiro_login": true, "email": "caren.silva@restinga.ifrs.edu.br", "grupo": 5, "data_ingresso": null, "is_active": true, "user_permissions": []}}, {"model": "google_auth.usuariobase", "pk": 34, "fields": {"is_superuser": false, "is_staff": false, "date_joined": "2024-11-17T18:10:37.111Z", "nome": null, "primeiro_login": true, "email": "tiago.rech@restinga.ifrs.edu.br", "grupo": 5, "data_ingresso": null, "is_active": true, "user_permissions": []}}, {"model": "google_auth.usuariobase", "pk": 35, "fields": {"is_superuser": false, "is_staff": false, "date_joined": "2024-11-17T18:10:52.041Z", "nome": null, "primeiro_login": true, "email": "diana.marona@restinga.ifrs.edu.br", "grupo": 5, "data_ingresso": null, "is_active": true, "user_permissions": []}}, {"model": "google_auth.usuariobase", "pk": 36, "fields": {"is_superuser": false, "is_staff": false, "date_joined": "2024-11-17T18:11:32.901Z", "nome": null, "primeiro_login": true, "email": "matheus.silva@restinga.ifrs.edu.br", "grupo": 5, "data_ingresso": null, "is_active": true, "user_permissions": []}}, {"model": "google_auth.usuariobase", "pk": 37, "fields": {"is_superuser": false, "is_staff": false, "date_joined": "2024-11-17T18:11:55.411Z", "nome": null, "primeiro_login": true, "email": "ricardo.santos@restinga.ifrs.edu.br", "grupo": 5, "data_ingresso": null, "is_active": true, "user_permissions": []}}, {"model": "google_auth.usuariobase", "pk": 38, "fields": {"is_superuser": false, "is_staff": false, "date_joined": "2024-11-17T18:12:20.918Z", "nome": null, "primeiro_login": true, "email": "gabriella.fraga@restinga.ifrs.edu.br", "grupo": 5, "data_ingresso": null, "is_active": true, "user_permissions": []}}, {"model": "google_auth.usuariobase", "pk": 39, "fields": {"is_superuser": false, "is_staff": false, "date_joined": "2024-11-17T18:12:29.310Z", "nome": null, "primeiro_login": true, "email": "gabriella.andrade@restinga.ifrs.edu.br", "grupo": 5, "data_ingresso": null, "is_active": true, "user_permissions": []}}, {"model": "google_auth.usuariobase", "pk": 40, "fields": {"is_superuser": false, "is_staff": false, "date_joined": "2024-11-17T18:12:48.360Z", "nome": null, "primeiro_login": true, "email": "diego.blanco@restinga.ifrs.edu.br", "grupo": 5, "data_ingresso": null, "is_active": true, "user_permissions": []}}, {"model": "google_auth.usuariobase", "pk": 41, "fields": {"is_superuser": false, "is_staff": false, "date_joined": "2024-11-17T18:13:07.617Z", "nome": null, "primeiro_login": true, "email": "diego.rosa@restinga.ifrs.edu.br", "grupo": 5, "data_ingresso": null, "is_active": true, "user_permissions": []}}, {"model": "google_auth.usuariobase", "pk": 42, "fields": {"is_superuser": false, "is_staff": false, "date_joined": "2024-11-17T18:13:18.534Z", "nome": null, "primeiro_login": true, "email": "diego.chaves@restinga.ifrs.edu.br", "grupo": 5, "data_ingresso": null, "is_active": true, "user_permissions": []}}, {"model": "google_auth.usuariobase", "pk": 43, "fields": {"is_superuser": false, "is_staff": false, "date_joined": "2024-11-17T18:15:52.147Z", "nome": null, "primeiro_login": true, "email": "coord.eletronica@restinga.ifrs.edu.br", "grupo": 3, "data_ingresso": null, "is_active": true, "user_permissions": []}}, {"model": "google_auth.usuariobase", "pk": 44, "fields": {"is_superuser": false, "is_staff": false, "date_joined": "2024-11-17T18:16:42.731Z", "nome": null, "primeiro_login": true, "email": "coord.informatica@restinga.ifrs.edu.br", "grupo": 3, "data_ingresso": null, "is_active": true, "user_permissions": []}}, {"model": "google_auth.usuariobase", "pk": 45, "fields": {"is_superuser": false, "is_staff": false, "date_joined": "2024-11-17T18:17:05.770Z", "nome": null, "primeiro_login": true, "email": "coord.lazer@restinga.ifrs.edu.br", "grupo": 3, "data_ingresso": null, "is_active": true, "user_permissions": []}}, {"model": "google_auth.usuariobase", "pk": 46, "fields": {"is_superuser": false, "is_staff": false, "date_joined": "2024-11-17T18:17:52Z", "nome": null, "primeiro_login": true, "email": "ads@restinga.ifrs.edu.br", "grupo": 3, "data_ingresso": null, "is_active": true, "user_permissions": []}}, {"model": "google_auth.usuariobase", "pk": 47, "fields": {"is_superuser": false, "is_staff": false, "date_joined": "2024-11-17T18:19:04.488Z", "nome": null, "primeiro_login": true, "email": "coord.gdl@restinga.ifrs.edu.br", "grupo": 3, "data_ingresso": null, "is_active": true, "user_permissions": []}}, {"model": "google_auth.usuariobase", "pk": 48, "fields": {"is_superuser": false, "is_staff": false, "date_joined": "2024-11-17T18:19:29.091Z", "nome": null, "primeiro_login": true, "email": "coord.agroecologia@restinga.ifrs.edu.br", "grupo": 3, "data_ingresso": null, "is_active": true, "user_permissions": []}}, {"model": "google_auth.usuariobase", "pk": 49, "fields": {"is_superuser": false, "is_staff": false, "date_joined": "2024-11-17T18:20:07.352Z", "nome": null, "primeiro_login": true, "email": "coord.comercio@restinga.ifrs.edu.br", "grupo": 3, "data_ingresso": null, "is_active": true, "user_permissions": []}}, {"model": "google_auth.usuariobase", "pk": 50, "fields": {"is_superuser": false, "is_staff": false, "date_joined": "2024-11-17T21:32:34.306Z", "nome": null, "primeiro_login": true, "email": "10040392@aluno.restinga.ifrs.edu.br", "grupo": 2, "data_ingresso": null, "is_active": true, "user_permissions": []}}, {"model": "google_auth.usuariobase", "pk": 51, "fields": {"is_superuser": false, "is_staff": false, "date_joined": "2024-11-17T21:32:39.852Z", "nome": null, "primeiro_login": true, "email": "10040395@aluno.restinga.ifrs.edu.br", "grupo": 2, "data_ingresso": null, "is_active": true, "user_permissions": []}}, {"model": "google_auth.usuariobase", "pk": 52, "fields": {"is_superuser": false, "is_staff": false, "date_joined": "2024-11-17T21:32:45.466Z", "nome": null, "primeiro_login": true, "email": "10040346@aluno.restinga.ifrs.edu.br", "grupo": 2, "data_ingresso": null, "is_active": true, "user_permissions": []}}, {"model": "google_auth.usuariobase", "pk": 53, "fields": {"is_superuser": false, "is_staff": false, "date_joined": "2024-11-17T21:34:10.874Z", "nome": null, "primeiro_login": true, "email": "10160197@aluno.restinga.ifrs.edu.br", "grupo": 2, "data_ingresso": null, "is_active": true, "user_permissions": []}}, {"model": "google_auth.usuariobase", "pk": 54, "fields": {"is_superuser": false, "is_staff": false, "date_joined": "2024-11-17T21:37:17.739Z", "nome": null, "primeiro_login": true, "email": "alexsandro.bonatto@restinga.ifrs.edu.br", "grupo": 5, "data_ingresso": null, "is_active": true, "user_permissions": []}}, {"model": "google_auth.usuariobase", "pk": 55, "fields": {"is_superuser": false, "is_staff": false, "date_joined": "2024-11-17T21:39:18.485Z", "nome": null, "primeiro_login": true, "email": "bruno.uggioni@restinga.ifrs.edu.br", "grupo": 5, "data_ingresso": null, "is_active": true, "user_permissions": []}}, {"model": "google_auth.usuariobase", "pk": 56, "fields": {"is_superuser": false, "is_staff": false, "date_joined": "2024-11-17T21:44:33.696Z", "nome": "Cßssio Renan", "primeiro_login": false, "email": "cassio.renan.rodrigues@gmail.com", "grupo": 5, "data_ingresso": null, "is_active": true, "user_permissions": []}}]